decanoic acid_SMILES,decanoic acid_Concentration,decanoate_SMILES,decanoate_Concentration,decylamine_SMILES,decylamine_Concentration,decyl trimethylamine_SMILES,decyl trimethylamine_Concentration,decylsulfate_SMILES,decylsulfate_Concentration,decanol_SMILES,decanol_Concentration,monocaprin_SMILES,monocaprin_Concentration,num_vesicles
CCCCCCCCCC(=O)O,0.6151856390902335,CCCCCCCCCC(=O)[O-],0.9555114450274363,CCCCCCCCCCN,1.2311014717141886,CCCCCCCCCC[N+](C)(C)C.[Br-],1.552867560945706,CCCCCCCCCCOS(=O)(=O)[O-].[Na+],1.6770965609079151,CCCCCCCCCCO,0.4414755456311975,CCCCCCCCCC(=O)OCC(CO)O,0.5794184152316024,22
CCCCCCCCCC(=O)O,1.4872702784598928,CCCCCCCCCC(=O)[O-],0.6444820085786643,CCCCCCCCCCN,0.17563256864315793,CCCCCCCCCC[N+](C)(C)C.[Br-],1.0560526742493137,CCCCCCCCCCOS(=O)(=O)[O-].[Na+],1.2163953243244932,CCCCCCCCCCO,0.20782684720231637,CCCCCCCCCC(=O)OCC(CO)O,0.10705907229340769,9
CCCCCCCCCC(=O)O,1.1631508098056809,CCCCCCCCCC(=O)[O-],0.7055697005585024,CCCCCCCCCCN,1.2947271675944,CCCCCCCCCC[N+](C)(C)C.[Br-],1.7875840978175743,CCCCCCCCCCOS(=O)(=O)[O-].[Na+],1.6582280766035324,CCCCCCCCCCO,0.1591382213382973,CCCCCCCCCC(=O)OCC(CO)O,0.2029408439966902,6
CCCCCCCCCC(=O)O,1.5314763709643886,CCCCCCCCCC(=O)[O-],1.7875840978175743,CCCCCCCCCCN,0.3818552424690306,CCCCCCCCCC[N+](C)(C)C.[Br-],0.07138999608667285,CCCCCCCCCCOS(=O)(=O)[O-].[Na+],1.4759065198095778,CCCCCCCCCCO,0.589174590176967,CCCCCCCCCC(=O)OCC(CO)O,0.11332868530700309,2
CCCCCCCCCC(=O)O,1.170932950247736,CCCCCCCCCC(=O)[O-],1.4410192608091372,CCCCCCCCCCN,1.6770965609079151,CCCCCCCCCC[N+](C)(C)C.[Br-],0.8858315243894466,CCCCCCCCCCOS(=O)(=O)[O-].[Na+],1.01160091167848,CCCCCCCCCCO,0.7502361475440724,CCCCCCCCCC(=O)OCC(CO)O,0.30010459245033794,36
CCCCCCCCCC(=O)O,0.3681093215643954,CCCCCCCCCC(=O)[O-],1.6094379124341005,CCCCCCCCCCN,1.4644121403838426,CCCCCCCCCC[N+](C)(C)C.[Br-],1.7182923173461826,CCCCCCCCCCOS(=O)(=O)[O-].[Na+],1.5943242746240522,CCCCCCCCCCO,0.6299411046561527,CCCCCCCCCC(=O)OCC(CO)O,0.15871169115482078,40
CCCCCCCCCC(=O)O,1.6910178994265233,CCCCCCCCCC(=O)[O-],1.7621589994517644,CCCCCCCCCCN,1.4586150226995167,CCCCCCCCCC[N+](C)(C)C.[Br-],1.0296194171811583,CCCCCCCCCCOS(=O)(=O)[O-].[Na+],0.6015799870344548,CCCCCCCCCCO,0.4317824164255377,CCCCCCCCCC(=O)OCC(CO)O,0.6124792774924905,22
CCCCCCCCCC(=O)O,1.589235205116581,CCCCCCCCCC(=O)[O-],1.589235205116581,CCCCCCCCCCN,0.5596157879354227,CCCCCCCCCC[N+](C)(C)C.[Br-],1.7448425494403033,CCCCCCCCCCOS(=O)(=O)[O-].[Na+],1.727220948090484,CCCCCCCCCCO,0.2600539053343067,CCCCCCCCCC(=O)OCC(CO)O,0.23507212217948348,39
CCCCCCCCCC(=O)O,0.598836501088704,CCCCCCCCCC(=O)[O-],0.2700271372130601,CCCCCCCCCCN,0.4510756193602167,CCCCCCCCCC[N+](C)(C)C.[Br-],0.08157998699242278,CCCCCCCCCCOS(=O)(=O)[O-].[Na+],1.5422291627406504,CCCCCCCCCCO,0.8120407105003559,CCCCCCCCCC(=O)OCC(CO)O,0.418710334858185,9
CCCCCCCCCC(=O)O,0.3435897043900769,CCCCCCCCCC(=O)[O-],1.3673663512343717,CCCCCCCCCCN,0.6652619770704096,CCCCCCCCCC[N+](C)(C)C.[Br-],1.2311014717141886,CCCCCCCCCCOS(=O)(=O)[O-].[Na+],1.7791806870211948,CCCCCCCCCCO,0.12795336431046067,CCCCCCCCCC(=O)OCC(CO)O,0.31845373111853453,30
CCCCCCCCCC(=O)O,0.6392188385343897,CCCCCCCCCC(=O)[O-],0.5624688569178291,CCCCCCCCCCN,1.634130525024472,CCCCCCCCCC[N+](C)(C)C.[Br-],0.494696241836107,CCCCCCCCCCOS(=O)(=O)[O-].[Na+],1.0986122886681098,CCCCCCCCCCO,0.7214916535690878,CCCCCCCCCC(=O)OCC(CO)O,0.5423242908253617,8
CCCCCCCCCC(=O)O,1.547562508716013,CCCCCCCCCC(=O)[O-],1.552867560945706,CCCCCCCCCCN,0.9062403960206536,CCCCCCCCCC[N+](C)(C)C.[Br-],1.7833912195575383,CCCCCCCCCCOS(=O)(=O)[O-].[Na+],0.8219800524029137,CCCCCCCCCCO,0.3818552424690306,CCCCCCCCCC(=O)OCC(CO)O,0.6678293725756554,40
CCCCCCCCCC(=O)O,0.9555114450274363,CCCCCCCCCC(=O)[O-],1.599387576580599,CCCCCCCCCCN,0.965080896043587,CCCCCCCCCC[N+](C)(C)C.[Br-],0.20701416938432604,CCCCCCCCCCOS(=O)(=O)[O-].[Na+],1.0732944806838198,CCCCCCCCCCO,0.412109650826833,CCCCCCCCCC(=O)OCC(CO)O,0.5822156198526637,26
CCCCCCCCCC(=O)O,1.33500106673234,CCCCCCCCCC(=O)[O-],1.5314763709643886,CCCCCCCCCCN,1.4350845252893227,CCCCCCCCCC[N+](C)(C)C.[Br-],1.1786549963416462,CCCCCCCCCCOS(=O)(=O)[O-].[Na+],1.604425370610556,CCCCCCCCCCO,0.3767226392425104,CCCCCCCCCC(=O)OCC(CO)O,0.4414755456311975,36
CCCCCCCCCC(=O)O,0.1705863005755337,CCCCCCCCCC(=O)[O-],1.7227665977411035,CCCCCCCCCCN,1.1069110914828049,CCCCCCCCCC[N+](C)(C)C.[Br-],1.273965176145971,CCCCCCCCCCOS(=O)(=O)[O-].[Na+],1.3545456628053103,CCCCCCCCCCO,0.5291565804507141,CCCCCCCCCC(=O)OCC(CO)O,0.3435897043900769,31
CCCCCCCCCC(=O)O,1.7448425494403033,CCCCCCCCCC(=O)[O-],0.7770286645406475,CCCCCCCCCCN,0.0344014267173324,CCCCCCCCCC[N+](C)(C)C.[Br-],1.4816045409242156,CCCCCCCCCCOS(=O)(=O)[O-].[Na+],1.7001922757025645,CCCCCCCCCCO,0.8950670954225284,CCCCCCCCCC(=O)OCC(CO)O,0.13365638481267342,35
CCCCCCCCCC(=O)O,1.599387576580599,CCCCCCCCCC(=O)[O-],1.770706060030223,CCCCCCCCCCN,1.7316555451583495,CCCCCCCCCC[N+](C)(C)C.[Br-],0.17479329037316296,CCCCCCCCCCOS(=O)(=O)[O-].[Na+],1.599387576580599,CCCCCCCCCCO,0.8733832308628786,CCCCCCCCCC(=O)OCC(CO)O,0.2851789422336624,18
CCCCCCCCCC(=O)O,0.7055697005585024,CCCCCCCCCC(=O)[O-],1.273965176145971,CCCCCCCCCCN,1.5422291627406504,CCCCCCCCCC[N+](C)(C)C.[Br-],1.4816045409242156,CCCCCCCCCCOS(=O)(=O)[O-].[Na+],0.04688358589885032,CCCCCCCCCCO,0.8544153281560676,CCCCCCCCCC(=O)OCC(CO)O,0.5452270504833231,0
CCCCCCCCCC(=O)O,1.7227665977411035,CCCCCCCCCC(=O)[O-],1.0560526742493137,CCCCCCCCCCN,1.5789787049493915,CCCCCCCCCC[N+](C)(C)C.[Br-],0.5276827408324135,CCCCCCCCCCOS(=O)(=O)[O-].[Na+],1.3673663512343717,CCCCCCCCCCO,0.07788653865707114,CCCCCCCCCC(=O)OCC(CO)O,0.09803374027136533,30
CCCCCCCCCC(=O)O,0.31481073984003344,CCCCCCCCCC(=O)[O-],0.09893994785490348,CCCCCCCCCCN,1.1786549963416462,CCCCCCCCCC[N+](C)(C)C.[Br-],0.9162907318741552,CCCCCCCCCCOS(=O)(=O)[O-].[Na+],1.3480731482996928,CCCCCCCCCCO,0.8950670954225284,CCCCCCCCCC(=O)OCC(CO)O,0.2851789422336624,12
CCCCCCCCCC(=O)O,1.155307632344655,CCCCCCCCCC(=O)[O-],0.8219800524029137,CCCCCCCCCCN,1.4759065198095778,CCCCCCCCCC[N+](C)(C)C.[Br-],0.009950330853167983,CCCCCCCCCCOS(=O)(=O)[O-].[Na+],1.536867219599265,CCCCCCCCCCO,0.6219196712715775,CCCCCCCCCC(=O)OCC(CO)O,0.3646431135879092,8
CCCCCCCCCC(=O)O,1.01160091167848,CCCCCCCCCC(=O)[O-],0.46058440732924394,CCCCCCCCCCN,1.1863178690872151,CCCCCCCCCC[N+](C)(C)C.[Br-],1.5633939739326936,CCCCCCCCCCOS(=O)(=O)[O-].[Na+],1.259880436264232,CCCCCCCCCCO,0.03536714383729122,CCCCCCCCCC(=O)OCC(CO)O,0.3293037471426004,14
CCCCCCCCCC(=O)O,0.7770286645406475,CCCCCCCCCC(=O)[O-],1.3673663512343717,CCCCCCCCCCN,1.5633939739326936,CCCCCCCCCC[N+](C)(C)C.[Br-],1.2383742310432684,CCCCCCCCCCOS(=O)(=O)[O-].[Na+],0.9262410627273231,CCCCCCCCCCO,0.1856493468866293,CCCCCCCCCC(=O)OCC(CO)O,0.20701416938432604,22
CCCCCCCCCC(=O)O,1.4644121403838426,CCCCCCCCCC(=O)[O-],1.4644121403838426,CCCCCCCCCCN,1.5789787049493915,CCCCCCCCCC[N+](C)(C)C.[Br-],1.0986122886681098,CCCCCCCCCCOS(=O)(=O)[O-].[Na+],1.552867560945706,CCCCCCCCCCO,0.8950670954225284,CCCCCCCCCC(=O)OCC(CO)O,0.4478858239921165,36
CCCCCCCCCC(=O)O,1.404870746692826,CCCCCCCCCC(=O)[O-],1.1863178690872151,CCCCCCCCCCN,0.1906203596086497,CCCCCCCCCC[N+](C)(C)C.[Br-],1.727220948090484,CCCCCCCCCCOS(=O)(=O)[O-].[Na+],0.2029408439966902,CCCCCCCCCCO,0.8512187351304402,CCCCCCCCCC(=O)OCC(CO)O,0.1484200051182732,7
CCCCCCCCCC(=O)O,1.0296194171811583,CCCCCCCCCC(=O)[O-],1.749199854809259,CCCCCCCCCCN,0.9839493803479701,CCCCCCCCCC[N+](C)(C)C.[Br-],1.404870746692826,CCCCCCCCCCOS(=O)(=O)[O-].[Na+],1.653454797850875,CCCCCCCCCCO,0.6219196712715775,CCCCCCCCCC(=O)OCC(CO)O,0.5538851132264376,26
CCCCCCCCCC(=O)O,1.1631508098056809,CCCCCCCCCC(=O)[O-],1.6629786793621302,CCCCCCCCCCN,1.4170660197866445,CCCCCCCCCC[N+](C)(C)C.[Br-],1.7316555451583495,CCCCCCCCCCOS(=O)(=O)[O-].[Na+],1.3800247481062953,CCCCCCCCCCO,0.5113254988076417,CCCCCCCCCC(=O)OCC(CO)O,0.3364722366212129,26
CCCCCCCCCC(=O)O,0.7770286645406475,CCCCCCCCCC(=O)[O-],1.2669476034873244,CCCCCCCCCCN,0.494696241836107,CCCCCCCCCC[N+](C)(C)C.[Br-],0.832909122935104,CCCCCCCCCCOS(=O)(=O)[O-].[Na+],1.1069110914828049,CCCCCCCCCCO,0.08755289700786135,CCCCCCCCCC(=O)OCC(CO)O,0.5128236264286637,16
CCCCCCCCCC(=O)O,0.1310282624064041,CCCCCCCCCC(=O)[O-],1.498506351726819,CCCCCCCCCCN,0.9062403960206536,CCCCCCCCCC[N+](C)(C)C.[Br-],1.6389967146756448,CCCCCCCCCCOS(=O)(=O)[O-].[Na+],1.4759065198095778,CCCCCCCCCCO,0.7141745477520209,CCCCCCCCCC(=O)OCC(CO)O,0.3506568716131693,32
CCCCCCCCCC(=O)O,1.404870746692826,CCCCCCCCCC(=O)[O-],1.7227665977411035,CCCCCCCCCCN,1.634130525024472,CCCCCCCCCC[N+](C)(C)C.[Br-],1.1474024528375415,CCCCCCCCCCOS(=O)(=O)[O-].[Na+],1.2455944790167557,CCCCCCCCCCO,0.904218150639886,CCCCCCCCCC(=O)OCC(CO)O,0.3818552424690306,38
CCCCCCCCCC(=O)O,1.3415584672784993,CCCCCCCCCC(=O)[O-],1.3862943611198906,CCCCCCCCCCN,1.4527841023887236,CCCCCCCCCC[N+](C)(C)C.[Br-],1.5789787049493915,CCCCCCCCCCOS(=O)(=O)[O-].[Na+],1.5738107347909494,CCCCCCCCCCO,0.5850050219402422,CCCCCCCCCC(=O)OCC(CO)O,0.2468600779315258,30
CCCCCCCCCC(=O)O,1.4586150226995167,CCCCCCCCCC(=O)[O-],0.5877866649021191,CCCCCCCCCCN,1.155307632344655,CCCCCCCCCC[N+](C)(C)C.[Br-],0.18232155679395454,CCCCCCCCCCOS(=O)(=O)[O-].[Na+],0.4414755456311975,CCCCCCCCCCO,0.3559246625480281,CCCCCCCCCC(=O)OCC(CO)O,0.2662030407746566,14
CCCCCCCCCC(=O)O,1.4701758451005928,CCCCCCCCCC(=O)[O-],1.0560526742493137,CCCCCCCCCCN,0.2468600779315258,CCCCCCCCCC[N+](C)(C)C.[Br-],0.6497176226326093,CCCCCCCCCCOS(=O)(=O)[O-].[Na+],1.604425370610556,CCCCCCCCCCO,0.40713038742722546,CCCCCCCCCC(=O)OCC(CO)O,0.3471295310952009,18
CCCCCCCCCC(=O)O,0.9555114450274363,CCCCCCCCCC(=O)[O-],1.3987168811184478,CCCCCCCCCCN,1.7227665977411035,CCCCCCCCCC[N+](C)(C)C.[Br-],1.536867219599265,CCCCCCCCCCOS(=O)(=O)[O-].[Na+],0.412109650826833,CCCCCCCCCCO,0.7178397931503169,CCCCCCCCCC(=O)OCC(CO)O,0.31115442863692294,6
CCCCCCCCCC(=O)O,1.749199854809259,CCCCCCCCCC(=O)[O-],0.4510756193602167,CCCCCCCCCCN,1.1631508098056809,CCCCCCCCCC[N+](C)(C)C.[Br-],0.4510756193602167,CCCCCCCCCCOS(=O)(=O)[O-].[Na+],1.7833912195575383,CCCCCCCCCCO,0.23901690047049984,CCCCCCCCCC(=O)OCC(CO)O,0.5187937934151676,22
CCCCCCCCCC(=O)O,1.3800247481062953,CCCCCCCCCC(=O)[O-],0.8109302162163288,CCCCCCCCCCN,1.3480731482996928,CCCCCCCCCC[N+](C)(C)C.[Br-],1.3415584672784993,CCCCCCCCCCOS(=O)(=O)[O-].[Na+],1.749199854809259,CCCCCCCCCCO,0.49774038421733513,CCCCCCCCCC(=O)OCC(CO)O,0.412109650826833,41
CCCCCCCCCC(=O)O,0.965080896043587,CCCCCCCCCC(=O)[O-],1.308332819650179,CCCCCCCCCCN,0.8960880245566356,CCCCCCCCCC[N+](C)(C)C.[Br-],0.5481214085096876,CCCCCCCCCCOS(=O)(=O)[O-].[Na+],1.6094379124341005,CCCCCCCCCCO,0.2235434713355366,CCCCCCCCCC(=O)OCC(CO)O,0.31481073984003344,14
CCCCCCCCCC(=O)O,1.423108334242607,CCCCCCCCCC(=O)[O-],0.20701416938432604,CCCCCCCCCCN,1.6243265249278511,CCCCCCCCCC[N+](C)(C)C.[Br-],0.8109302162163288,CCCCCCCCCCOS(=O)(=O)[O-].[Na+],0.6178846960593984,CCCCCCCCCCO,0.13453089295760606,CCCCCCCCCC(=O)OCC(CO)O,0.11064652008706348,5
CCCCCCCCCC(=O)O,1.552867560945706,CCCCCCCCCC(=O)[O-],0.5510074133988225,CCCCCCCCCCN,1.2163953243244932,CCCCCCCCCC[N+](C)(C)C.[Br-],0.31845373111853453,CCCCCCCCCCOS(=O)(=O)[O-].[Na+],1.6193882432872684,CCCCCCCCCCO,0.3346849260471172,CCCCCCCCCC(=O)OCC(CO)O,0.44468582126144574,28
CCCCCCCCCC(=O)O,0.5681506903852601,CCCCCCCCCC(=O)[O-],0.965080896043587,CCCCCCCCCCN,0.9555114450274363,CCCCCCCCCC[N+](C)(C)C.[Br-],1.6770965609079151,CCCCCCCCCCOS(=O)(=O)[O-].[Na+],1.536867219599265,CCCCCCCCCCO,0.2425539448340331,CCCCCCCCCC(=O)OCC(CO)O,0.494696241836107,4
CCCCCCCCCC(=O)O,1.727220948090484,CCCCCCCCCC(=O)[O-],1.6817585740137264,CCCCCCCCCCN,1.4872702784598928,CCCCCCCCCC[N+](C)(C)C.[Br-],0.8754687373538999,CCCCCCCCCCOS(=O)(=O)[O-].[Na+],0.5877866649021191,CCCCCCCCCCO,0.6729444732424258,CCCCCCCCCC(=O)OCC(CO)O,0.4916428043492167,20
CCCCCCCCCC(=O)O,0.33289441527332886,CCCCCCCCCC(=O)[O-],1.1233049012584813,CCCCCCCCCCN,1.62924053973028,CCCCCCCCCC[N+](C)(C)C.[Br-],0.9162907318741552,CCCCCCCCCCOS(=O)(=O)[O-].[Na+],1.749199854809259,CCCCCCCCCCO,0.3238934544143528,CCCCCCCCCC(=O)OCC(CO)O,0.6703901934373291,42
CCCCCCCCCC(=O)O,1.0647107369924282,CCCCCCCCCC(=O)[O-],0.5068176023684519,CCCCCCCCCCN,1.5206066987274849,CCCCCCCCCC[N+](C)(C)C.[Br-],0.49774038421733513,CCCCCCCCCCOS(=O)(=O)[O-].[Na+],1.0024684281152074,CCCCCCCCCCO,0.4317824164255377,CCCCCCCCCC(=O)OCC(CO)O,0.4478858239921165,10
CCCCCCCCCC(=O)O,1.589235205116581,CCCCCCCCCC(=O)[O-],1.7001922757025645,CCCCCCCCCCN,0.9262410627273231,CCCCCCCCCC[N+](C)(C)C.[Br-],0.7537718023763802,CCCCCCCCCCOS(=O)(=O)[O-].[Na+],0.7654678421395714,CCCCCCCCCCO,0.4558413154332312,CCCCCCCCCC(=O)OCC(CO)O,0.46058440732924394,16
CCCCCCCCCC(=O)O,0.8219800524029137,CCCCCCCCCC(=O)[O-],0.5766133643039938,CCCCCCCCCCN,1.7316555451583495,CCCCCCCCCC[N+](C)(C)C.[Br-],1.7360705633674662,CCCCCCCCCCOS(=O)(=O)[O-].[Na+],0.2151113796169455,CCCCCCCCCCO,0.7677907235557111,CCCCCCCCCC(=O)OCC(CO)O,0.44468582126144574,8
CCCCCCCCCC(=O)O,1.170932950247736,CCCCCCCCCC(=O)[O-],1.7092832474038169,CCCCCCCCCCN,1.667706820558076,CCCCCCCCCC[N+](C)(C)C.[Br-],1.2809338454620642,CCCCCCCCCCOS(=O)(=O)[O-].[Na+],0.5596157879354227,CCCCCCCCCCO,0.795252403497099,CCCCCCCCCC(=O)OCC(CO)O,0.12575120530556025,7
CCCCCCCCCC(=O)O,1.1314021114911006,CCCCCCCCCC(=O)[O-],0.8544153281560676,CCCCCCCCCCN,0.6906440503418267,CCCCCCCCCC[N+](C)(C)C.[Br-],1.6863989535702288,CCCCCCCCCCOS(=O)(=O)[O-].[Na+],0.965080896043587,CCCCCCCCCCO,0.8415671856782186,CCCCCCCCCC(=O)OCC(CO)O,0.6830968447064438,8
CCCCCCCCCC(=O)O,1.7182923173461826,CCCCCCCCCC(=O)[O-],0.4317824164255377,CCCCCCCCCCN,0.4317824164255377,CCCCCCCCCC[N+](C)(C)C.[Br-],1.55814461804655,CCCCCCCCCCOS(=O)(=O)[O-].[Na+],0.7055697005585024,CCCCCCCCCCO,0.6056811547786695,CCCCCCCCCC(=O)OCC(CO)O,0.6575200029167942,28
CCCCCCCCCC(=O)O,0.4054651081081644,CCCCCCCCCC(=O)[O-],0.3681093215643954,CCCCCCCCCCN,0.03246719013750139,CCCCCCCCCC[N+](C)(C)C.[Br-],0.8754687373538999,CCCCCCCCCCOS(=O)(=O)[O-].[Na+],1.01160091167848,CCCCCCCCCCO,0.3346849260471172,CCCCCCCCCC(=O)OCC(CO)O,0.2963940130538024,4
CCCCCCCCCC(=O)O,1.791759469228055,CCCCCCCCCC(=O)[O-],0.6471032420585385,CCCCCCCCCCN,0.058268908123975685,CCCCCCCCCC[N+](C)(C)C.[Br-],0.0,CCCCCCCCCCOS(=O)(=O)[O-].[Na+],0.7537718023763802,CCCCCCCCCCO,0.10660973505825815,CCCCCCCCCC(=O)OCC(CO)O,0.3364722366212129,0
CCCCCCCCCC(=O)O,1.5314763709643886,CCCCCCCCCC(=O)[O-],0.31845373111853453,CCCCCCCCCCN,0.4510756193602167,CCCCCCCCCC[N+](C)(C)C.[Br-],0.521765563804325,CCCCCCCCCCOS(=O)(=O)[O-].[Na+],0.6523251860396903,CCCCCCCCCCO,0.0,CCCCCCCCCC(=O)OCC(CO)O,0.2468600779315258,1
CCCCCCCCCC(=O)O,0.3611648492115844,CCCCCCCCCC(=O)[O-],0.688134638736401,CCCCCCCCCCN,0.023716526617315943,CCCCCCCCCC[N+](C)(C)C.[Br-],0.0,CCCCCCCCCCOS(=O)(=O)[O-].[Na+],1.3480731482996928,CCCCCCCCCCO,0.3869616365436047,CCCCCCCCCC(=O)OCC(CO)O,0.4317824164255377,0
CCCCCCCCCC(=O)O,1.3862943611198906,CCCCCCCCCC(=O)[O-],0.2963940130538024,CCCCCCCCCCN,0.9555114450274363,CCCCCCCCCC[N+](C)(C)C.[Br-],1.3015531326648,CCCCCCCCCCOS(=O)(=O)[O-].[Na+],0.3954147722546629,CCCCCCCCCCO,0.5681506903852601,CCCCCCCCCC(=O)OCC(CO)O,0.1864795669426183,0
CCCCCCCCCC(=O)O,0.6205764877251099,CCCCCCCCCC(=O)[O-],0.4478858239921165,CCCCCCCCCCN,0.6043159668533296,CCCCCCCCCC[N+](C)(C)C.[Br-],0.7884573603642702,CCCCCCCCCCOS(=O)(=O)[O-].[Na+],0.6232610530957788,CCCCCCCCCCO,0.37156355643248296,CCCCCCCCCC(=O)OCC(CO)O,0.1380212978973746,1
CCCCCCCCCC(=O)O,0.7997569156182036,CCCCCCCCCC(=O)[O-],0.3750059006234558,CCCCCCCCCCN,0.178146185383474,CCCCCCCCCC[N+](C)(C)C.[Br-],0.6286086594223741,CCCCCCCCCCOS(=O)(=O)[O-].[Na+],0.9360933591703348,CCCCCCCCCCO,0.7712649598238974,CCCCCCCCCC(=O)OCC(CO)O,0.31481073984003344,2
CCCCCCCCCC(=O)O,0.7178397931503169,CCCCCCCCCC(=O)[O-],0.21913552991667087,CCCCCCCCCCN,0.3506568716131693,CCCCCCCCCC[N+](C)(C)C.[Br-],0.9745596399981308,CCCCCCCCCCOS(=O)(=O)[O-].[Na+],0.6097655716208943,CCCCCCCCCCO,0.5723909794241455,CCCCCCCCCC(=O)OCC(CO)O,0.2507587183471831,0
CCCCCCCCCC(=O)O,0.5247285289349821,CCCCCCCCCC(=O)[O-],0.1578580846155803,CCCCCCCCCCN,0.4700036292457355,CCCCCCCCCC[N+](C)(C)C.[Br-],0.0,CCCCCCCCCCOS(=O)(=O)[O-].[Na+],1.01160091167848,CCCCCCCCCCO,0.9162907318741552,CCCCCCCCCC(=O)OCC(CO)O,0.3257001396393017,0
CCCCCCCCCC(=O)O,0.965080896043587,CCCCCCCCCC(=O)[O-],0.0,CCCCCCCCCCN,1.259880436264232,CCCCCCCCCC[N+](C)(C)C.[Br-],0.11778303565638337,CCCCCCCCCCOS(=O)(=O)[O-].[Na+],0.4762341789963716,CCCCCCCCCCO,0.661398482245365,CCCCCCCCCC(=O)OCC(CO)O,0.23901690047049984,0
CCCCCCCCCC(=O)O,0.022739486969489332,CCCCCCCCCC(=O)[O-],0.6339278208999741,CCCCCCCCCCN,0.0,CCCCCCCCCC[N+](C)(C)C.[Br-],0.0,CCCCCCCCCCOS(=O)(=O)[O-].[Na+],1.653454797850875,CCCCCCCCCCO,0.7359671777428735,CCCCCCCCCC(=O)OCC(CO)O,0.4510756193602167,0
CCCCCCCCCC(=O)O,0.9262410627273231,CCCCCCCCCC(=O)[O-],0.6754922453212245,CCCCCCCCCCN,0.0,CCCCCCCCCC[N+](C)(C)C.[Br-],0.0,CCCCCCCCCCOS(=O)(=O)[O-].[Na+],1.01160091167848,CCCCCCCCCCO,0.4885800148186709,CCCCCCCCCC(=O)OCC(CO)O,0.3681093215643954,0
CCCCCCCCCC(=O)O,0.7997569156182036,CCCCCCCCCC(=O)[O-],0.7419373447293773,CCCCCCCCCCN,0.5247285289349821,CCCCCCCCCC[N+](C)(C)C.[Br-],0.021761491781512595,CCCCCCCCCCOS(=O)(=O)[O-].[Na+],0.9360933591703348,CCCCCCCCCCO,0.5068176023684519,CCCCCCCCCC(=O)OCC(CO)O,0.1988508587451652,0
CCCCCCCCCC(=O)O,1.552867560945706,CCCCCCCCCC(=O)[O-],0.3886579897917831,CCCCCCCCCCN,0.7178397931503169,CCCCCCCCCC[N+](C)(C)C.[Br-],0.688134638736401,CCCCCCCCCCOS(=O)(=O)[O-].[Na+],0.7055697005585024,CCCCCCCCCCO,0.645793484176475,CCCCCCCCCC(=O)OCC(CO)O,0.17898265552844,1
CCCCCCCCCC(=O)O,0.5567545556543905,CCCCCCCCCC(=O)[O-],0.412109650826833,CCCCCCCCCCN,0.08892620919440142,CCCCCCCCCC[N+](C)(C)C.[Br-],0.0,CCCCCCCCCCOS(=O)(=O)[O-].[Na+],1.33500106673234,CCCCCCCCCCO,0.6299411046561527,CCCCCCCCCC(=O)OCC(CO)O,0.1988508587451652,0
CCCCCCCCCC(=O)O,1.5633939739326936,CCCCCCCCCC(=O)[O-],0.44468582126144574,CCCCCCCCCCN,0.1806534996932576,CCCCCCCCCC[N+](C)(C)C.[Br-],0.0,CCCCCCCCCCOS(=O)(=O)[O-].[Na+],0.6418538861723948,CCCCCCCCCCO,0.6015799870344548,CCCCCCCCCC(=O)OCC(CO)O,0.07138999608667285,0
CCCCCCCCCC(=O)O,0.4731237565819792,CCCCCCCCCC(=O)[O-],0.2738366656297278,CCCCCCCCCCN,0.0,CCCCCCCCCC[N+](C)(C)C.[Br-],0.008959741371471805,CCCCCCCCCCOS(=O)(=O)[O-].[Na+],1.55814461804655,CCCCCCCCCCO,0.24607852259670557,CCCCCCCCCC(=O)OCC(CO)O,0.33289441527332886,0
CCCCCCCCCC(=O)O,0.7178397931503169,CCCCCCCCCC(=O)[O-],0.8109302162163288,CCCCCCCCCCN,0.3257001396393017,CCCCCCCCCC[N+](C)(C)C.[Br-],0.0,CCCCCCCCCCOS(=O)(=O)[O-].[Na+],0.9839493803479701,CCCCCCCCCCO,0.0820407103362095,CCCCCCCCCC(=O)OCC(CO)O,0.2738366656297278,0
CCCCCCCCCC(=O)O,0.5364933705145685,CCCCCCCCCC(=O)[O-],0.0,CCCCCCCCCCN,0.3852624007906449,CCCCCCCCCC[N+](C)(C)C.[Br-],0.0,CCCCCCCCCCOS(=O)(=O)[O-].[Na+],1.2237754316221157,CCCCCCCCCCO,0.3663777194001176,CCCCCCCCCC(=O)OCC(CO)O,0.4414755456311975,1
CCCCCCCCCC(=O)O,0.03343477608623729,CCCCCCCCCC(=O)[O-],0.6097655716208943,CCCCCCCCCCN,0.636576829071551,CCCCCCCCCC[N+](C)(C)C.[Br-],0.0,CCCCCCCCCCOS(=O)(=O)[O-].[Na+],1.259880436264232,CCCCCCCCCCO,0.4510756193602167,CCCCCCCCCC(=O)OCC(CO)O,0.35417181372061374,0
CCCCCCCCCC(=O)O,1.0986122886681098,CCCCCCCCCC(=O)[O-],0.07325046173959258,CCCCCCCCCCN,0.12044615307586706,CCCCCCCCCC[N+](C)(C)C.[Br-],0.7537718023763802,CCCCCCCCCCOS(=O)(=O)[O-].[Na+],0.5335651107354801,CCCCCCCCCCO,0.23783510005719935,CCCCCCCCCC(=O)OCC(CO)O,0.2700271372130601,0
CCCCCCCCCC(=O)O,1.2311014717141886,CCCCCCCCCC(=O)[O-],0.060153922819747,CCCCCCCCCCN,0.412109650826833,CCCCCCCCCC[N+](C)(C)C.[Br-],0.0,CCCCCCCCCCOS(=O)(=O)[O-].[Na+],1.020650747198398,CCCCCCCCCCO,0.6259384308664953,CCCCCCCCCC(=O)OCC(CO)O,0.28141245943818544,1
CCCCCCCCCC(=O)O,1.3862943611198906,CCCCCCCCCC(=O)[O-],0.7770286645406475,CCCCCCCCCCN,0.5364933705145685,CCCCCCCCCC[N+](C)(C)C.[Br-],0.6626879730752367,CCCCCCCCCCOS(=O)(=O)[O-].[Na+],0.4668737362368079,CCCCCCCCCCO,0.0,CCCCCCCCCC(=O)OCC(CO)O,0.14410034397375676,2
CCCCCCCCCC(=O)O,1.7404661748405046,CCCCCCCCCC(=O)[O-],0.10436001532424267,CCCCCCCCCCN,0.3987761199573678,CCCCCCCCCC[N+](C)(C)C.[Br-],1.0818051703517284,CCCCCCCCCCOS(=O)(=O)[O-].[Na+],0.28141245943818544,CCCCCCCCCCO,0.40212620684264966,CCCCCCCCCC(=O)OCC(CO)O,0.20701416938432604,0
CCCCCCCCCC(=O)O,1.4170660197866445,CCCCCCCCCC(=O)[O-],0.30010459245033794,CCCCCCCCCCN,1.0560526742493137,CCCCCCCCCC[N+](C)(C)C.[Br-],0.6830968447064438,CCCCCCCCCCOS(=O)(=O)[O-].[Na+],0.5709795465857378,CCCCCCCCCCO,0.5510074133988225,CCCCCCCCCC(=O)OCC(CO)O,0.1275133202989595,6
CCCCCCCCCC(=O)O,0.8544153281560676,CCCCCCCCCC(=O)[O-],0.5276827408324135,CCCCCCCCCCN,0.43502391034970883,CCCCCCCCCC[N+](C)(C)C.[Br-],0.049742091894813975,CCCCCCCCCCOS(=O)(=O)[O-].[Na+],1.589235205116581,CCCCCCCCCCO,0.5766133643039938,CCCCCCCCCC(=O)OCC(CO)O,0.2546422183735807,1
CCCCCCCCCC(=O)O,1.3545456628053103,CCCCCCCCCC(=O)[O-],1.1233049012584813,CCCCCCCCCCN,0.5596157879354227,CCCCCCCCCC[N+](C)(C)C.[Br-],1.3545456628053103,CCCCCCCCCCOS(=O)(=O)[O-].[Na+],0.23507212217948348,CCCCCCCCCCO,0.483968169596108,CCCCCCCCCC(=O)OCC(CO)O,0.1697427745870945,2
CCCCCCCCCC(=O)O,0.7419373447293773,CCCCCCCCCC(=O)[O-],1.653454797850875,CCCCCCCCCCN,1.1314021114911006,CCCCCCCCCC[N+](C)(C)C.[Br-],0.1283932147683989,CCCCCCCCCCOS(=O)(=O)[O-].[Na+],0.4317824164255377,CCCCCCCCCCO,0.4510756193602167,CCCCCCCCCC(=O)OCC(CO)O,0.6097655716208943,2
CCCCCCCCCC(=O)O,1.4929040961781488,CCCCCCCCCC(=O)[O-],0.9932517730102832,CCCCCCCCCCN,0.5068176023684519,CCCCCCCCCC[N+](C)(C)C.[Br-],0.9458495341156996,CCCCCCCCCCOS(=O)(=O)[O-].[Na+],0.9932517730102832,CCCCCCCCCCO,0.5510074133988225,CCCCCCCCCC(=O)OCC(CO)O,0.2700271372130601,20
CCCCCCCCCC(=O)O,0.8960880245566356,CCCCCCCCCC(=O)[O-],0.3852624007906449,CCCCCCCCCCN,0.412109650826833,CCCCCCCCCC[N+](C)(C)C.[Br-],1.667706820558076,CCCCCCCCCCOS(=O)(=O)[O-].[Na+],0.832909122935104,CCCCCCCCCCO,0.40713038742722546,CCCCCCCCCC(=O)OCC(CO)O,0.2889312918522129,0
CCCCCCCCCC(=O)O,0.9745596399981308,CCCCCCCCCC(=O)[O-],1.1631508098056809,CCCCCCCCCCN,1.7578579175523736,CCCCCCCCCC[N+](C)(C)C.[Br-],0.9745596399981308,CCCCCCCCCCOS(=O)(=O)[O-].[Na+],0.35767444427181583,CCCCCCCCCCO,0.8383291904044432,CCCCCCCCCC(=O)OCC(CO)O,0.23111172096338656,0
CCCCCCCCCC(=O)O,0.5877866649021191,CCCCCCCCCC(=O)[O-],0.2963940130538024,CCCCCCCCCCN,0.4219944100593749,CCCCCCCCCC[N+](C)(C)C.[Br-],0.04305948946044688,CCCCCCCCCCOS(=O)(=O)[O-].[Na+],1.4644121403838426,CCCCCCCCCCO,0.7537718023763802,CCCCCCCCCC(=O)OCC(CO)O,0.408792898200839,2
CCCCCCCCCC(=O)O,1.410986973710262,CCCCCCCCCC(=O)[O-],1.498506351726819,CCCCCCCCCCN,0.6931471805599453,CCCCCCCCCC[N+](C)(C)C.[Br-],0.2507587183471831,CCCCCCCCCCOS(=O)(=O)[O-].[Na+],0.8858315243894466,CCCCCCCCCCO,0.907249987222006,CCCCCCCCCC(=O)OCC(CO)O,0.4574248470388754,2
CCCCCCCCCC(=O)O,0.9555114450274363,CCCCCCCCCC(=O)[O-],0.6392188385343897,CCCCCCCCCCN,1.589235205116581,CCCCCCCCCC[N+](C)(C)C.[Br-],0.2546422183735807,CCCCCCCCCCOS(=O)(=O)[O-].[Na+],0.6015799870344548,CCCCCCCCCCO,0.7104958188945583,CCCCCCCCCC(=O)OCC(CO)O,0.0657877405380031,0
CCCCCCCCCC(=O)O,0.965080896043587,CCCCCCCCCC(=O)[O-],1.4170660197866445,CCCCCCCCCCN,0.6418538861723948,CCCCCCCCCC[N+](C)(C)C.[Br-],1.1233049012584813,CCCCCCCCCCOS(=O)(=O)[O-].[Na+],1.5040773967762742,CCCCCCCCCCO,0.13453089295760606,CCCCCCCCCC(=O)OCC(CO)O,0.5128236264286637,12
CCCCCCCCCC(=O)O,1.155307632344655,CCCCCCCCCC(=O)[O-],1.2878542883066382,CCCCCCCCCCN,1.208960345836975,CCCCCCCCCC[N+](C)(C)C.[Br-],0.4252677354043441,CCCCCCCCCCOS(=O)(=O)[O-].[Na+],1.3217558399823195,CCCCCCCCCCO,0.555320863652542,CCCCCCCCCC(=O)OCC(CO)O,0.5306282510621704,0
CCCCCCCCCC(=O)O,0.5624688569178291,CCCCCCCCCC(=O)[O-],0.7178397931503169,CCCCCCCCCCN,0.7299611536826616,CCCCCCCCCC[N+](C)(C)C.[Br-],0.258510695151501,CCCCCCCCCCOS(=O)(=O)[O-].[Na+],1.1314021114911006,CCCCCCCCCCO,0.3129842553139992,CCCCCCCCCC(=O)OCC(CO)O,0.3954147722546629,0
CCCCCCCCCC(=O)O,1.713797927758343,CCCCCCCCCC(=O)[O-],0.8858315243894466,CCCCCCCCCCN,1.1394342831883648,CCCCCCCCCC[N+](C)(C)C.[Br-],0.9062403960206536,CCCCCCCCCCOS(=O)(=O)[O-].[Na+],1.2947271675944,CCCCCCCCCCO,0.19433246946009006,CCCCCCCCCC(=O)OCC(CO)O,0.151862349309246,10
CCCCCCCCCC(=O)O,1.6817585740137264,CCCCCCCCCC(=O)[O-],1.6956156086751528,CCCCCCCCCCN,0.7770286645406475,CCCCCCCCCC[N+](C)(C)C.[Br-],0.9062403960206536,CCCCCCCCCCOS(=O)(=O)[O-].[Na+],0.7178397931503169,CCCCCCCCCCO,0.025180298530298153,CCCCCCCCCC(=O)OCC(CO)O,0.0880108773227133,2
CCCCCCCCCC(=O)O,0.6549259677397475,CCCCCCCCCC(=O)[O-],1.3673663512343717,CCCCCCCCCCN,0.6754922453212245,CCCCCCCCCC[N+](C)(C)C.[Br-],1.3545456628053103,CCCCCCCCCCOS(=O)(=O)[O-].[Na+],1.328400382700988,CCCCCCCCCCO,0.007472014838700896,CCCCCCCCCC(=O)OCC(CO)O,0.018821754240587664,3
CCCCCCCCCC(=O)O,1.4410192608091372,CCCCCCCCCC(=O)[O-],0.6780335427498971,CCCCCCCCCCN,0.30010459245033794,CCCCCCCCCC[N+](C)(C)C.[Br-],0.6232610530957788,CCCCCCCCCCOS(=O)(=O)[O-].[Na+],0.5738004229273791,CCCCCCCCCCO,0.12266001273588722,CCCCCCCCCC(=O)OCC(CO)O,0.2546422183735807,2
CCCCCCCCCC(=O)O,1.1474024528375415,CCCCCCCCCC(=O)[O-],0.7419373447293773,CCCCCCCCCCN,1.7578579175523736,CCCCCCCCCC[N+](C)(C)C.[Br-],1.3480731482996928,CCCCCCCCCCOS(=O)(=O)[O-].[Na+],1.7092832474038169,CCCCCCCCCCO,0.3129842553139992,CCCCCCCCCC(=O)OCC(CO)O,0.6678293725756554,10
CCCCCCCCCC(=O)O,0.7654678421395714,CCCCCCCCCC(=O)[O-],1.2455944790167557,CCCCCCCCCCN,1.5789787049493915,CCCCCCCCCC[N+](C)(C)C.[Br-],1.634130525024472,CCCCCCCCCCOS(=O)(=O)[O-].[Na+],1.0473189942805592,CCCCCCCCCCO,0.3019547317384995,CCCCCCCCCC(=O)OCC(CO)O,0.002995508979798379,0
CCCCCCCCCC(=O)O,0.1906203596086497,CCCCCCCCCC(=O)[O-],1.208960345836975,CCCCCCCCCCN,1.2311014717141886,CCCCCCCCCC[N+](C)(C)C.[Br-],1.4759065198095778,CCCCCCCCCCOS(=O)(=O)[O-].[Na+],1.170932950247736,CCCCCCCCCCO,0.5202807825367458,CCCCCCCCCC(=O)OCC(CO)O,0.4668737362368079,1
CCCCCCCCCC(=O)O,0.4916428043492167,CCCCCCCCCC(=O)[O-],0.18232155679395454,CCCCCCCCCCN,0.3886579897917831,CCCCCCCCCC[N+](C)(C)C.[Br-],0.23111172096338656,CCCCCCCCCCOS(=O)(=O)[O-].[Na+],1.604425370610556,CCCCCCCCCCO,0.8827339483453124,CCCCCCCCCC(=O)OCC(CO)O,0.4317824164255377,1
CCCCCCCCCC(=O)O,1.3015531326648,CCCCCCCCCC(=O)[O-],0.10165365372649973,CCCCCCCCCCN,1.315066851831523,CCCCCCCCCC[N+](C)(C)C.[Br-],0.0,CCCCCCCCCCOS(=O)(=O)[O-].[Na+],1.5151272329628591,CCCCCCCCCCO,0.8765098618623105,CCCCCCCCCC(=O)OCC(CO)O,0.2851789422336624,0
CCCCCCCCCC(=O)O,0.3400373027857091,CCCCCCCCCC(=O)[O-],0.7299611536826616,CCCCCCCCCCN,1.55814461804655,CCCCCCCCCC[N+](C)(C)C.[Br-],0.7178397931503169,CCCCCCCCCCOS(=O)(=O)[O-].[Na+],1.4586150226995167,CCCCCCCCCCO,0.7884573603642702,CCCCCCCCCC(=O)OCC(CO)O,0.1814878760453771,4
CCCCCCCCCC(=O)O,1.3737155789130306,CCCCCCCCCC(=O)[O-],0.05259245011917049,CCCCCCCCCCN,1.7621589994517644,CCCCCCCCCC[N+](C)(C)C.[Br-],0.2429461786103894,CCCCCCCCCCOS(=O)(=O)[O-].[Na+],1.4701758451005928,CCCCCCCCCCO,0.3767226392425104,CCCCCCCCCC(=O)OCC(CO)O,0.4637340162321401,6
CCCCCCCCCC(=O)O,0.07510747248680533,CCCCCCCCCC(=O)[O-],0.596085467716814,CCCCCCCCCCN,0.8754687373538999,CCCCCCCCCC[N+](C)(C)C.[Br-],1.0560526742493137,CCCCCCCCCCOS(=O)(=O)[O-].[Na+],0.494696241836107,CCCCCCCCCCO,0.26811691695694073,CCCCCCCCCC(=O)OCC(CO)O,0.5423242908253617,0
CCCCCCCCCC(=O)O,0.2662030407746566,CCCCCCCCCC(=O)[O-],0.832909122935104,CCCCCCCCCCN,1.2383742310432684,CCCCCCCCCC[N+](C)(C)C.[Br-],0.31481073984003344,CCCCCCCCCCOS(=O)(=O)[O-].[Na+],0.8109302162163288,CCCCCCCCCCO,0.483968169596108,CCCCCCCCCC(=O)OCC(CO)O,0.35417181372061374,0
CCCCCCCCCC(=O)O,1.0560526742493137,CCCCCCCCCC(=O)[O-],0.2029408439966902,CCCCCCCCCCN,0.6906440503418267,CCCCCCCCCC[N+](C)(C)C.[Br-],1.749199854809259,CCCCCCCCCCOS(=O)(=O)[O-].[Na+],0.02664193094642108,CCCCCCCCCCO,0.7502361475440724,CCCCCCCCCC(=O)OCC(CO)O,0.4916428043492167,1
CCCCCCCCCC(=O)O,0.1578580846155803,CCCCCCCCCC(=O)[O-],1.5314763709643886,CCCCCCCCCCN,0.15871169115482078,CCCCCCCCCC[N+](C)(C)C.[Br-],0.5038010088290262,CCCCCCCCCCOS(=O)(=O)[O-].[Na+],0.9062403960206536,CCCCCCCCCCO,0.684358674526866,CCCCCCCCCC(=O)OCC(CO)O,0.08434114843375079,0
CCCCCCCCCC(=O)O,1.0024684281152074,CCCCCCCCCC(=O)[O-],0.1354046370062029,CCCCCCCCCCN,0.4916428043492167,CCCCCCCCCC[N+](C)(C)C.[Br-],1.4816045409242156,CCCCCCCCCCOS(=O)(=O)[O-].[Na+],0.17898265552844,CCCCCCCCCCO,0.2554171118645054,CCCCCCCCCC(=O)OCC(CO)O,0.37156355643248296,0
CCCCCCCCCC(=O)O,0.1034587083682299,CCCCCCCCCC(=O)[O-],1.3415584672784993,CCCCCCCCCCN,0.7884573603642702,CCCCCCCCCC[N+](C)(C)C.[Br-],1.208960345836975,CCCCCCCCCCOS(=O)(=O)[O-].[Na+],0.1239859797809912,CCCCCCCCCCO,0.5638923447026829,CCCCCCCCCC(=O)OCC(CO)O,0.4285303810391605,0
CCCCCCCCCC(=O)O,0.12575120530556025,CCCCCCCCCC(=O)[O-],0.6043159668533296,CCCCCCCCCCN,1.5040773967762742,CCCCCCCCCC[N+](C)(C)C.[Br-],0.8649974374866045,CCCCCCCCCCOS(=O)(=O)[O-].[Na+],0.5068176023684519,CCCCCCCCCCO,0.6259384308664953,CCCCCCCCCC(=O)OCC(CO)O,0.5098251234324072,0
CCCCCCCCCC(=O)O,0.10705907229340769,CCCCCCCCCC(=O)[O-],0.4916428043492167,CCCCCCCCCCN,1.170932950247736,CCCCCCCCCC[N+](C)(C)C.[Br-],0.4285303810391605,CCCCCCCCCCOS(=O)(=O)[O-].[Na+],0.9262410627273231,CCCCCCCCCCO,0.8889195350780231,CCCCCCCCCC(=O)OCC(CO)O,0.5653138090500605,0
CCCCCCCCCC(=O)O,0.07138999608667285,CCCCCCCCCC(=O)[O-],1.1939224684724346,CCCCCCCCCCN,1.0818051703517284,CCCCCCCCCC[N+](C)(C)C.[Br-],0.9839493803479701,CCCCCCCCCCOS(=O)(=O)[O-].[Na+],0.23901690047049984,CCCCCCCCCCO,0.058268908123975685,CCCCCCCCCC(=O)OCC(CO)O,0.3852624007906449,0
CCCCCCCCCC(=O)O,1.1394342831883648,CCCCCCCCCC(=O)[O-],0.5794184152316024,CCCCCCCCCCN,0.12133228516752487,CCCCCCCCCC[N+](C)(C)C.[Br-],0.9932517730102832,CCCCCCCCCCOS(=O)(=O)[O-].[Na+],0.21913552991667087,CCCCCCCCCCO,0.3559246625480281,CCCCCCCCCC(=O)OCC(CO)O,0.3987761199573678,0
CCCCCCCCCC(=O)O,0.1484200051182732,CCCCCCCCCC(=O)[O-],0.2662030407746566,CCCCCCCCCCN,1.604425370610556,CCCCCCCCCC[N+](C)(C)C.[Br-],0.31481073984003344,CCCCCCCCCCOS(=O)(=O)[O-].[Na+],0.8219800524029137,CCCCCCCCCCO,0.3453611840384589,CCCCCCCCCC(=O)OCC(CO)O,0.5624688569178291,0
CCCCCCCCCC(=O)O,1.0024684281152074,CCCCCCCCCC(=O)[O-],0.23507212217948348,CCCCCCCCCCN,0.4793349566746198,CCCCCCCCCC[N+](C)(C)C.[Br-],0.9360933591703348,CCCCCCCCCCOS(=O)(=O)[O-].[Na+],0.4219944100593749,CCCCCCCCCCO,0.7178397931503169,CCCCCCCCCC(=O)OCC(CO)O,0.4731237565819792,0
CCCCCCCCCC(=O)O,0.049742091894813975,CCCCCCCCCC(=O)[O-],0.7654678421395714,CCCCCCCCCCN,0.2151113796169455,CCCCCCCCCC[N+](C)(C)C.[Br-],0.6931471805599453,CCCCCCCCCCOS(=O)(=O)[O-].[Na+],1.01160091167848,CCCCCCCCCCO,0.6178846960593984,CCCCCCCCCC(=O)OCC(CO)O,0.4885800148186709,2
CCCCCCCCCC(=O)O,0.2429461786103894,CCCCCCCCCC(=O)[O-],0.832909122935104,CCCCCCCCCCN,0.9458495341156996,CCCCCCCCCC[N+](C)(C)C.[Br-],1.0385083645984043,CCCCCCCCCCOS(=O)(=O)[O-].[Na+],0.4054651081081644,CCCCCCCCCCO,0.8219800524029137,CCCCCCCCCC(=O)OCC(CO)O,0.4700036292457355,0
CCCCCCCCCC(=O)O,0.02761516703297317,CCCCCCCCCC(=O)[O-],0.3257001396393017,CCCCCCCCCCN,0.5567545556543905,CCCCCCCCCC[N+](C)(C)C.[Br-],1.1631508098056809,CCCCCCCCCCOS(=O)(=O)[O-].[Na+],0.7055697005585024,CCCCCCCCCCO,0.7502361475440724,CCCCCCCCCC(=O)OCC(CO)O,0.5306282510621704,0
CCCCCCCCCC(=O)O,1.3015531326648,CCCCCCCCCC(=O)[O-],0.23901690047049984,CCCCCCCCCCN,0.832909122935104,CCCCCCCCCC[N+](C)(C)C.[Br-],0.8544153281560676,CCCCCCCCCCOS(=O)(=O)[O-].[Na+],0.12486898204586917,CCCCCCCCCCO,0.6138333738402199,CCCCCCCCCC(=O)OCC(CO)O,0.6151856390902335,0
CCCCCCCCCC(=O)O,1.0560526742493137,CCCCCCCCCC(=O)[O-],0.3400373027857091,CCCCCCCCCCN,0.31481073984003344,CCCCCCCCCC[N+](C)(C)C.[Br-],0.26236426446749095,CCCCCCCCCCOS(=O)(=O)[O-].[Na+],0.9360933591703348,CCCCCCCCCCO,0.4219944100593749,CCCCCCCCCC(=O)OCC(CO)O,0.3220834991691132,0
CCCCCCCCCC(=O)O,0.07417939817425143,CCCCCCCCCC(=O)[O-],0.2429461786103894,CCCCCCCCCCN,0.04305948946044688,CCCCCCCCCC[N+](C)(C)C.[Br-],1.5260563034950494,CCCCCCCCCCOS(=O)(=O)[O-].[Na+],0.6124792774924905,CCCCCCCCCCO,0.3559246625480281,CCCCCCCCCC(=O)OCC(CO)O,0.6471032420585385,13
CCCCCCCCCC(=O)O,0.23901690047049984,CCCCCCCCCC(=O)[O-],0.1527210870176639,CCCCCCCCCCN,1.552867560945706,CCCCCCCCCC[N+](C)(C)C.[Br-],0.49774038421733513,CCCCCCCCCCOS(=O)(=O)[O-].[Na+],0.8754687373538999,CCCCCCCCCCO,0.7986326884059226,CCCCCCCCCC(=O)OCC(CO)O,0.33289441527332886,0
CCCCCCCCCC(=O)O,0.31481073984003344,CCCCCCCCCC(=O)[O-],0.9162907318741552,CCCCCCCCCCN,0.3400373027857091,CCCCCCCCCC[N+](C)(C)C.[Br-],0.3784364357202451,CCCCCCCCCCOS(=O)(=O)[O-].[Na+],1.0902440389975931,CCCCCCCCCCO,0.8576017355254755,CCCCCCCCCC(=O)OCC(CO)O,0.31481073984003344,0
CCCCCCCCCC(=O)O,1.713797927758343,CCCCCCCCCC(=O)[O-],0.020782539182528405,CCCCCCCCCCN,0.9745596399981308,CCCCCCCCCC[N+](C)(C)C.[Br-],0.9458495341156996,CCCCCCCCCCOS(=O)(=O)[O-].[Na+],0.0168571170664229,CCCCCCCCCCO,0.8383291904044432,CCCCCCCCCC(=O)OCC(CO)O,0.5681506903852601,0
CCCCCCCCCC(=O)O,0.4317824164255377,CCCCCCCCCC(=O)[O-],1.0818051703517284,CCCCCCCCCCN,0.2700271372130601,CCCCCCCCCC[N+](C)(C)C.[Br-],0.013902905168991224,CCCCCCCCCCOS(=O)(=O)[O-].[Na+],1.3800247481062953,CCCCCCCCCCO,0.1868944186390885,CCCCCCCCCC(=O)OCC(CO)O,0.2963940130538024,0
CCCCCCCCCC(=O)O,0.08709470685093368,CCCCCCCCCC(=O)[O-],1.5789787049493915,CCCCCCCCCCN,1.1069110914828049,CCCCCCCCCC[N+](C)(C)C.[Br-],0.22713557258374723,CCCCCCCCCCOS(=O)(=O)[O-].[Na+],0.7178397931503169,CCCCCCCCCCO,0.8639442515019459,CCCCCCCCCC(=O)OCC(CO)O,0.4637340162321401,0
CCCCCCCCCC(=O)O,0.021761491781512595,CCCCCCCCCC(=O)[O-],0.9839493803479701,CCCCCCCCCCN,0.8960880245566356,CCCCCCCCCC[N+](C)(C)C.[Br-],0.11511280710050448,CCCCCCCCCCOS(=O)(=O)[O-].[Na+],1.273965176145971,CCCCCCCCCCO,0.7104958188945583,CCCCCCCCCC(=O)OCC(CO)O,0.35767444427181583,2
CCCCCCCCCC(=O)O,1.2455944790167557,CCCCCCCCCC(=O)[O-],0.4252677354043441,CCCCCCCCCCN,1.749199854809259,CCCCCCCCCC[N+](C)(C)C.[Br-],0.5335651107354801,CCCCCCCCCCOS(=O)(=O)[O-].[Na+],0.0934903430873388,CCCCCCCCCCO,0.16805358499624956,CCCCCCCCCC(=O)OCC(CO)O,0.07788653865707114,0
CCCCCCCCCC(=O)O,0.13365638481267342,CCCCCCCCCC(=O)[O-],0.4885800148186709,CCCCCCCCCCN,1.0818051703517284,CCCCCCCCCC[N+](C)(C)C.[Br-],1.6193882432872684,CCCCCCCCCCOS(=O)(=O)[O-].[Na+],0.2429461786103894,CCCCCCCCCCO,0.11600367575630595,CCCCCCCCCC(=O)OCC(CO)O,0.37156355643248296,2
CCCCCCCCCC(=O)O,1.33500106673234,CCCCCCCCCC(=O)[O-],0.5510074133988225,CCCCCCCCCCN,0.23507212217948348,CCCCCCCCCC[N+](C)(C)C.[Br-],0.5681506903852601,CCCCCCCCCCOS(=O)(=O)[O-].[Na+],0.33289441527332886,CCCCCCCCCCO,0.37156355643248296,CCCCCCCCCC(=O)OCC(CO)O,0.4885800148186709,0
CCCCCCCCCC(=O)O,0.4700036292457355,CCCCCCCCCC(=O)[O-],0.09440067542148421,CCCCCCCCCCN,1.4929040961781488,CCCCCCCCCC[N+](C)(C)C.[Br-],0.23507212217948348,CCCCCCCCCCOS(=O)(=O)[O-].[Na+],1.020650747198398,CCCCCCCCCCO,0.7502361475440724,CCCCCCCCCC(=O)OCC(CO)O,0.173953307123438,0
CCCCCCCCCC(=O)O,1.2237754316221157,CCCCCCCCCC(=O)[O-],1.1314021114911006,CCCCCCCCCCN,0.21107097007994044,CCCCCCCCCC[N+](C)(C)C.[Br-],0.3852624007906449,CCCCCCCCCCOS(=O)(=O)[O-].[Na+],0.3750059006234558,CCCCCCCCCCO,0.7323678937132266,CCCCCCCCCC(=O)OCC(CO)O,0.11243542932978809,0
CCCCCCCCCC(=O)O,1.7404661748405046,CCCCCCCCCC(=O)[O-],0.4154154389613325,CCCCCCCCCCN,1.0902440389975931,CCCCCCCCCC[N+](C)(C)C.[Br-],0.418710334858185,CCCCCCCCCCOS(=O)(=O)[O-].[Na+],0.15443635330441874,CCCCCCCCCCO,0.8576017355254755,CCCCCCCCCC(=O)OCC(CO)O,0.22713557258374723,0
CCCCCCCCCC(=O)O,1.1786549963416462,CCCCCCCCCC(=O)[O-],0.2429461786103894,CCCCCCCCCCN,1.0732944806838198,CCCCCCCCCC[N+](C)(C)C.[Br-],0.2776317365982795,CCCCCCCCCCOS(=O)(=O)[O-].[Na+],0.6906440503418267,CCCCCCCCCCO,0.8383291904044432,CCCCCCCCCC(=O)OCC(CO)O,0.1646666215552338,0
CCCCCCCCCC(=O)O,0.4731237565819792,CCCCCCCCCC(=O)[O-],0.6678293725756554,CCCCCCCCCCN,0.418710334858185,CCCCCCCCCC[N+](C)(C)C.[Br-],0.8109302162163288,CCCCCCCCCCOS(=O)(=O)[O-].[Na+],0.7055697005585024,CCCCCCCCCCO,0.6729444732424258,CCCCCCCCCC(=O)OCC(CO)O,0.23901690047049984,0
CCCCCCCCCC(=O)O,0.22314355131420965,CCCCCCCCCC(=O)[O-],0.5306282510621704,CCCCCCCCCCN,1.7621589994517644,CCCCCCCCCC[N+](C)(C)C.[Br-],0.7299611536826616,CCCCCCCCCCOS(=O)(=O)[O-].[Na+],0.7178397931503169,CCCCCCCCCCO,0.6993777303105814,CCCCCCCCCC(=O)OCC(CO)O,0.05164323315183836,0
CCCCCCCCCC(=O)O,0.08525984395082332,CCCCCCCCCC(=O)[O-],0.9062403960206536,CCCCCCCCCCN,1.6863989535702288,CCCCCCCCCC[N+](C)(C)C.[Br-],1.2878542883066382,CCCCCCCCCCOS(=O)(=O)[O-].[Na+],0.40212620684264966,CCCCCCCCCCO,0.910272659548592,CCCCCCCCCC(=O)OCC(CO)O,0.1906203596086497,0
CCCCCCCCCC(=O)O,0.832909122935104,CCCCCCCCCC(=O)[O-],0.1466943791508035,CCCCCCCCCCN,0.05448818528406954,CCCCCCCCCC[N+](C)(C)C.[Br-],0.5276827408324135,CCCCCCCCCCOS(=O)(=O)[O-].[Na+],1.1786549963416462,CCCCCCCCCCO,0.8607780219438963,CCCCCCCCCC(=O)OCC(CO)O,0.058268908123975685,0
CCCCCCCCCC(=O)O,0.21107097007994044,CCCCCCCCCC(=O)[O-],1.667706820558076,CCCCCCCCCCN,1.3737155789130306,CCCCCCCCCC[N+](C)(C)C.[Br-],0.1578580846155803,CCCCCCCCCCOS(=O)(=O)[O-].[Na+],0.596085467716814,CCCCCCCCCCO,0.6805683983530851,CCCCCCCCCC(=O)OCC(CO)O,0.31481073984003344,0
CCCCCCCCCC(=O)O,0.4824261492442927,CCCCCCCCCC(=O)[O-],0.4916428043492167,CCCCCCCCCCN,1.4291143583028187,CCCCCCCCCC[N+](C)(C)C.[Br-],1.0732944806838198,CCCCCCCCCCOS(=O)(=O)[O-].[Na+],0.4252677354043441,CCCCCCCCCCO,0.6259384308664953,CCCCCCCCCC(=O)OCC(CO)O,0.11955923505763916,0
CCCCCCCCCC(=O)O,1.667706820558076,CCCCCCCCCC(=O)[O-],1.1863178690872151,CCCCCCCCCCN,0.13889199886661854,CCCCCCCCCC[N+](C)(C)C.[Br-],0.22713557258374723,CCCCCCCCCCOS(=O)(=O)[O-].[Na+],0.0168571170664229,CCCCCCCCCCO,0.6097655716208943,CCCCCCCCCC(=O)OCC(CO)O,0.3784364357202451,0
CCCCCCCCCC(=O)O,0.3750059006234558,CCCCCCCCCC(=O)[O-],0.5423242908253617,CCCCCCCCCCN,0.08892620919440142,CCCCCCCCCC[N+](C)(C)C.[Br-],1.1314021114911006,CCCCCCCCCCOS(=O)(=O)[O-].[Na+],0.6392188385343897,CCCCCCCCCCO,0.8981267612464839,CCCCCCCCCC(=O)OCC(CO)O,0.4574248470388754,0
CCCCCCCCCC(=O)O,1.6724127115954888,CCCCCCCCCC(=O)[O-],0.5794184152316024,CCCCCCCCCCN,0.4478858239921165,CCCCCCCCCC[N+](C)(C)C.[Br-],0.37156355643248296,CCCCCCCCCCOS(=O)(=O)[O-].[Na+],0.1947440767925117,CCCCCCCCCCO,0.3920420877760237,CCCCCCCCCC(=O)OCC(CO)O,0.3364722366212129,0
CCCCCCCCCC(=O)O,1.2669476034873244,CCCCCCCCCC(=O)[O-],0.4885800148186709,CCCCCCCCCCN,0.10975086395911901,CCCCCCCCCC[N+](C)(C)C.[Br-],0.7055697005585024,CCCCCCCCCCOS(=O)(=O)[O-].[Na+],0.4668737362368079,CCCCCCCCCCO,0.08617769624105225,CCCCCCCCCC(=O)OCC(CO)O,0.1414995622736995,0
CCCCCCCCCC(=O)O,1.5040773967762742,CCCCCCCCCC(=O)[O-],1.3545456628053103,CCCCCCCCCCN,0.021761491781512595,CCCCCCCCCC[N+](C)(C)C.[Br-],0.08157998699242278,CCCCCCCCCCOS(=O)(=O)[O-].[Na+],0.1501426584297195,CCCCCCCCCCO,0.2908021997880246,CCCCCCCCCC(=O)OCC(CO)O,0.4382549309311553,0
CCCCCCCCCC(=O)O,1.01160091167848,CCCCCCCCCC(=O)[O-],0.1947440767925117,CCCCCCCCCCN,1.6389967146756448,CCCCCCCCCC[N+](C)(C)C.[Br-],0.5364933705145685,CCCCCCCCCCOS(=O)(=O)[O-].[Na+],0.2507587183471831,CCCCCCCCCCO,0.0820407103362095,CCCCCCCCCC(=O)OCC(CO)O,0.28141245943818544,0
CCCCCCCCCC(=O)O,0.10616019582839045,CCCCCCCCCC(=O)[O-],1.315066851831523,CCCCCCCCCCN,1.791759469228055,CCCCCCCCCC[N+](C)(C)C.[Br-],0.9162907318741552,CCCCCCCCCCOS(=O)(=O)[O-].[Na+],0.23901690047049984,CCCCCCCCCCO,0.37156355643248296,CCCCCCCCCC(=O)OCC(CO)O,0.2546422183735807,0
CCCCCCCCCC(=O)O,0.418710334858185,CCCCCCCCCC(=O)[O-],0.2429461786103894,CCCCCCCCCCN,1.423108334242607,CCCCCCCCCC[N+](C)(C)C.[Br-],0.12575120530556025,CCCCCCCCCCOS(=O)(=O)[O-].[Na+],1.0560526742493137,CCCCCCCCCCO,0.7677907235557111,CCCCCCCCCC(=O)OCC(CO)O,0.30748469974796055,0
CCCCCCCCCC(=O)O,0.2546422183735807,CCCCCCCCCC(=O)[O-],0.2889312918522129,CCCCCCCCCCN,1.0902440389975931,CCCCCCCCCC[N+](C)(C)C.[Br-],1.6389967146756448,CCCCCCCCCCOS(=O)(=O)[O-].[Na+],0.2546422183735807,CCCCCCCCCCO,0.4269003888282294,CCCCCCCCCC(=O)OCC(CO)O,0.5098251234324072,7
CCCCCCCCCC(=O)O,0.7537718023763802,CCCCCCCCCC(=O)[O-],1.6956156086751528,CCCCCCCCCCN,1.6486586255873816,CCCCCCCCCC[N+](C)(C)C.[Br-],0.0392207131532812,CCCCCCCCCCOS(=O)(=O)[O-].[Na+],0.006975613736425044,CCCCCCCCCCO,0.016365354086264175,CCCCCCCCCC(=O)OCC(CO)O,0.11778303565638337,0
CCCCCCCCCC(=O)O,0.3471295310952009,CCCCCCCCCC(=O)[O-],0.1501426584297195,CCCCCCCCCCN,1.1474024528375415,CCCCCCCCCC[N+](C)(C)C.[Br-],1.1863178690872151,CCCCCCCCCCOS(=O)(=O)[O-].[Na+],0.4916428043492167,CCCCCCCCCCO,0.1332188437862227,CCCCCCCCCC(=O)OCC(CO)O,0.18232155679395454,0
CCCCCCCCCC(=O)O,0.6830968447064438,CCCCCCCCCC(=O)[O-],0.31481073984003344,CCCCCCCCCCN,0.1319050708799385,CCCCCCCCCC[N+](C)(C)C.[Br-],0.6097655716208943,CCCCCCCCCCOS(=O)(=O)[O-].[Na+],1.2237754316221157,CCCCCCCCCCO,0.3293037471426004,CCCCCCCCCC(=O)OCC(CO)O,0.060153922819747,28
CCCCCCCCCC(=O)O,1.0732944806838198,CCCCCCCCCC(=O)[O-],0.7997569156182036,CCCCCCCCCCN,0.832909122935104,CCCCCCCCCC[N+](C)(C)C.[Br-],0.5738004229273791,CCCCCCCCCCOS(=O)(=O)[O-].[Na+],0.8754687373538999,CCCCCCCCCCO,0.4931706885272699,CCCCCCCCCC(=O)OCC(CO)O,0.049742091894813975,4
CCCCCCCCCC(=O)O,1.2237754316221157,CCCCCCCCCC(=O)[O-],0.1362776182925478,CCCCCCCCCCN,0.07973496801885346,CCCCCCCCCC[N+](C)(C)C.[Br-],0.5538851132264376,CCCCCCCCCCOS(=O)(=O)[O-].[Na+],0.8437200390393196,CCCCCCCCCCO,0.1527210870176639,CCCCCCCCCC(=O)OCC(CO)O,0.3987761199573678,68
CCCCCCCCCC(=O)O,0.9262410627273231,CCCCCCCCCC(=O)[O-],0.6729444732424258,CCCCCCCCCCN,0.7419373447293773,CCCCCCCCCC[N+](C)(C)C.[Br-],0.49774038421733513,CCCCCCCCCCOS(=O)(=O)[O-].[Na+],0.8109302162163288,CCCCCCCCCCO,0.193096629961913,CCCCCCCCCC(=O)OCC(CO)O,0.3784364357202451,72
CCCCCCCCCC(=O)O,1.01160091167848,CCCCCCCCCC(=O)[O-],0.9745596399981308,CCCCCCCCCCN,0.013902905168991224,CCCCCCCCCC[N+](C)(C)C.[Br-],0.33289441527332886,CCCCCCCCCCOS(=O)(=O)[O-].[Na+],1.1786549963416462,CCCCCCCCCCO,0.4366407255766141,CCCCCCCCCC(=O)OCC(CO)O,0.03149866705937089,29
CCCCCCCCCC(=O)O,0.8960880245566356,CCCCCCCCCC(=O)[O-],1.2163953243244932,CCCCCCCCCCN,0.1722712209404532,CCCCCCCCCC[N+](C)(C)C.[Br-],0.9062403960206536,CCCCCCCCCCOS(=O)(=O)[O-].[Na+],0.6392188385343897,CCCCCCCCCCO,0.412109650826833,CCCCCCCCCC(=O)OCC(CO)O,0.23507212217948348,46
CCCCCCCCCC(=O)O,1.1631508098056809,CCCCCCCCCC(=O)[O-],0.7055697005585024,CCCCCCCCCCN,0.019802627296179615,CCCCCCCCCC[N+](C)(C)C.[Br-],0.3886579897917831,CCCCCCCCCCOS(=O)(=O)[O-].[Na+],0.9839493803479701,CCCCCCCCCCO,0.08065790301745428,CCCCCCCCCC(=O)OCC(CO)O,0.1327811112338184,0
CCCCCCCCCC(=O)O,1.0902440389975931,CCCCCCCCCC(=O)[O-],0.6652619770704096,CCCCCCCCCCN,0.965080896043587,CCCCCCCCCC[N+](C)(C)C.[Br-],0.1301506844650451,CCCCCCCCCCOS(=O)(=O)[O-].[Na+],1.0986122886681098,CCCCCCCCCCO,0.3129842553139992,CCCCCCCCCC(=O)OCC(CO)O,0.06297479916138835,2
CCCCCCCCCC(=O)O,1.0902440389975931,CCCCCCCCCC(=O)[O-],0.4542552722775964,CCCCCCCCCCN,0.3818552424690306,CCCCCCCCCC[N+](C)(C)C.[Br-],0.35767444427181583,CCCCCCCCCCOS(=O)(=O)[O-].[Na+],0.9932517730102832,CCCCCCCCCCO,0.4653051084641814,CCCCCCCCCC(=O)OCC(CO)O,0.37156355643248296,5
CCCCCCCCCC(=O)O,1.2455944790167557,CCCCCCCCCC(=O)[O-],1.1631508098056809,CCCCCCCCCCN,0.4731237565819792,CCCCCCCCCC[N+](C)(C)C.[Br-],0.494696241836107,CCCCCCCCCCOS(=O)(=O)[O-].[Na+],0.5596157879354227,CCCCCCCCCCO,0.06531946612064246,CCCCCCCCCC(=O)OCC(CO)O,0.30010459245033794,2
CCCCCCCCCC(=O)O,0.4414755456311975,CCCCCCCCCC(=O)[O-],0.7997569156182036,CCCCCCCCCCN,0.5794184152316024,CCCCCCCCCC[N+](C)(C)C.[Br-],1.1314021114911006,CCCCCCCCCCOS(=O)(=O)[O-].[Na+],0.6124792774924905,CCCCCCCCCCO,0.12266001273588722,CCCCCCCCCC(=O)OCC(CO)O,0.3750059006234558,5
CCCCCCCCCC(=O)O,0.5766133643039938,CCCCCCCCCC(=O)[O-],0.9458495341156996,CCCCCCCCCCN,0.5364933705145685,CCCCCCCCCC[N+](C)(C)C.[Br-],0.9458495341156996,CCCCCCCCCCOS(=O)(=O)[O-].[Na+],0.7884573603642702,CCCCCCCCCCO,0.11198850194804716,CCCCCCCCCC(=O)OCC(CO)O,0.10795714150509218,70
CCCCCCCCCC(=O)O,0.28141245943818544,CCCCCCCCCC(=O)[O-],0.5567545556543905,CCCCCCCCCCN,0.521765563804325,CCCCCCCCCC[N+](C)(C)C.[Br-],0.5247285289349821,CCCCCCCCCCOS(=O)(=O)[O-].[Na+],1.2163953243244932,CCCCCCCCCCO,0.3400373027857091,CCCCCCCCCC(=O)OCC(CO)O,0.3784364357202451,25
CCCCCCCCCC(=O)O,1.01160091167848,CCCCCCCCCC(=O)[O-],0.2700271372130601,CCCCCCCCCCN,0.1319050708799385,CCCCCCCCCC[N+](C)(C)C.[Br-],0.5306282510621704,CCCCCCCCCCOS(=O)(=O)[O-].[Na+],1.0818051703517284,CCCCCCCCCCO,0.2542545463392624,CCCCCCCCCC(=O)OCC(CO)O,0.11600367575630605,2
CCCCCCCCCC(=O)O,1.170932950247736,CCCCCCCCCC(=O)[O-],0.8649974374866045,CCCCCCCCCCN,0.2029408439966902,CCCCCCCCCC[N+](C)(C)C.[Br-],0.7055697005585024,CCCCCCCCCCOS(=O)(=O)[O-].[Na+],0.6523251860396903,CCCCCCCCCCO,0.2851789422336624,CCCCCCCCCC(=O)OCC(CO)O,0.3038014543316642,24
CCCCCCCCCC(=O)O,0.5335651107354801,CCCCCCCCCC(=O)[O-],0.5158131652770298,CCCCCCCCCCN,0.1947440767925117,CCCCCCCCCC[N+](C)(C)C.[Br-],0.4510756193602167,CCCCCCCCCCOS(=O)(=O)[O-].[Na+],1.1786549963416462,CCCCCCCCCCO,0.11332868530700309,CCCCCCCCCC(=O)OCC(CO)O,0.3293037471426004,540
CCCCCCCCCC(=O)O,0.6070444815065336,CCCCCCCCCC(=O)[O-],0.7419373447293773,CCCCCCCCCCN,1.1631508098056809,CCCCCCCCCC[N+](C)(C)C.[Br-],0.5738004229273791,CCCCCCCCCCOS(=O)(=O)[O-].[Na+],1.0385083645984043,CCCCCCCCCCO,0.3453611840384589,CCCCCCCCCC(=O)OCC(CO)O,0.10526051065749285,56
CCCCCCCCCC(=O)O,0.9839493803479701,CCCCCCCCCC(=O)[O-],0.4916428043492167,CCCCCCCCCCN,0.2776317365982795,CCCCCCCCCC[N+](C)(C)C.[Br-],0.4637340162321401,CCCCCCCCCCOS(=O)(=O)[O-].[Na+],1.0732944806838198,CCCCCCCCCCO,0.1079571415050921,CCCCCCCCCC(=O)OCC(CO)O,0.03825871211709025,0
CCCCCCCCCC(=O)O,0.9360933591703348,CCCCCCCCCC(=O)[O-],1.0986122886681098,CCCCCCCCCCN,0.08434114843375079,CCCCCCCCCC[N+](C)(C)C.[Br-],0.2851789422336624,CCCCCCCCCCOS(=O)(=O)[O-].[Na+],1.0647107369924282,CCCCCCCCCCO,0.11733849241723324,CCCCCCCCCC(=O)OCC(CO)O,0.1731126177086447,30
CCCCCCCCCC(=O)O,1.0902440389975931,CCCCCCCCCC(=O)[O-],0.4252677354043441,CCCCCCCCCCN,0.6418538861723948,CCCCCCCCCC[N+](C)(C)C.[Br-],0.7178397931503169,CCCCCCCCCCOS(=O)(=O)[O-].[Na+],0.6678293725756554,CCCCCCCCCCO,0.19803085049913421,CCCCCCCCCC(=O)OCC(CO)O,0.3364722366212129,21
CCCCCCCCCC(=O)O,1.0647107369924282,CCCCCCCCCC(=O)[O-],0.005982071677547365,CCCCCCCCCCN,0.2507587183471831,CCCCCCCCCC[N+](C)(C)C.[Br-],0.6070444815065336,CCCCCCCCCCOS(=O)(=O)[O-].[Na+],1.0296194171811583,CCCCCCCCCCO,0.12000279239469626,CCCCCCCCCC(=O)OCC(CO)O,0.07232066157962602,3
CCCCCCCCCC(=O)O,1.01160091167848,CCCCCCCCCC(=O)[O-],0.9458495341156996,CCCCCCCCCCN,0.3257001396393017,CCCCCCCCCC[N+](C)(C)C.[Br-],0.4478858239921165,CCCCCCCCCCOS(=O)(=O)[O-].[Na+],0.8960880245566356,CCCCCCCCCCO,0.4510756193602167,CCCCCCCCCC(=O)OCC(CO)O,0.3220834991691132,132
CCCCCCCCCC(=O)O,1.020650747198398,CCCCCCCCCC(=O)[O-],0.1406311297397456,CCCCCCCCCCN,0.4054651081081644,CCCCCCCCCC[N+](C)(C)C.[Br-],0.4637340162321401,CCCCCCCCCCOS(=O)(=O)[O-].[Na+],1.0986122886681098,CCCCCCCCCCO,0.5423242908253617,CCCCCCCCCC(=O)OCC(CO)O,0.23901690047049984,26
CCCCCCCCCC(=O)O,1.2311014717141886,CCCCCCCCCC(=O)[O-],0.08709470685093368,CCCCCCCCCCN,0.7997569156182036,CCCCCCCCCC[N+](C)(C)C.[Br-],0.30010459245033794,CCCCCCCCCCOS(=O)(=O)[O-].[Na+],1.0560526742493137,CCCCCCCCCCO,0.3663777194001176,CCCCCCCCCC(=O)OCC(CO)O,0.12133228516752487,0
CCCCCCCCCC(=O)O,0.5538851132264376,CCCCCCCCCC(=O)[O-],0.5394130806179033,CCCCCCCCCCN,0.1034587083682299,CCCCCCCCCC[N+](C)(C)C.[Br-],0.5766133643039938,CCCCCCCCCCOS(=O)(=O)[O-].[Na+],1.1939224684724346,CCCCCCCCCCO,0.3920420877760237,CCCCCCCCCC(=O)OCC(CO)O,0.258510695151501,670
CCCCCCCCCC(=O)O,0.7055697005585024,CCCCCCCCCC(=O)[O-],0.0825012215117436,CCCCCCCCCCN,0.8858315243894466,CCCCCCCCCC[N+](C)(C)C.[Br-],0.9745596399981308,CCCCCCCCCCOS(=O)(=O)[O-].[Na+],0.7654678421395714,CCCCCCCCCCO,0.3019547317384995,CCCCCCCCCC(=O)OCC(CO)O,0.31845373111853453,76
CCCCCCCCCC(=O)O,0.832909122935104,CCCCCCCCCC(=O)[O-],0.2851789422336624,CCCCCCCCCCN,0.05543470688810048,CCCCCCCCCC[N+](C)(C)C.[Br-],0.8544153281560676,CCCCCCCCCCOS(=O)(=O)[O-].[Na+],0.9458495341156996,CCCCCCCCCCO,0.3506568716131693,CCCCCCCCCC(=O)OCC(CO)O,0.2029408439966902,134
CCCCCCCCCC(=O)O,0.44468582126144574,CCCCCCCCCC(=O)[O-],0.23901690047049984,CCCCCCCCCCN,0.3220834991691132,CCCCCCCCCC[N+](C)(C)C.[Br-],0.8649974374866045,CCCCCCCCCCOS(=O)(=O)[O-].[Na+],1.01160091167848,CCCCCCCCCCO,0.11332868530700309,CCCCCCCCCC(=O)OCC(CO)O,0.21913552991667087,752
CCCCCCCCCC(=O)O,0.1466943791508035,CCCCCCCCCC(=O)[O-],0.5933268452777344,CCCCCCCCCCN,0.9458495341156996,CCCCCCCCCC[N+](C)(C)C.[Br-],1.020650747198398,CCCCCCCCCCOS(=O)(=O)[O-].[Na+],0.9062403960206536,CCCCCCCCCCO,0.07371503782228057,CCCCCCCCCC(=O)OCC(CO)O,0.23111172096338656,24
CCCCCCCCCC(=O)O,0.6444820085786643,CCCCCCCCCC(=O)[O-],0.408792898200839,CCCCCCCCCCN,0.8437200390393196,CCCCCCCCCC[N+](C)(C)C.[Br-],1.1151415906193205,CCCCCCCCCCOS(=O)(=O)[O-].[Na+],0.5596157879354227,CCCCCCCCCCO,0.005982071677547365,CCCCCCCCCC(=O)OCC(CO)O,0.3220834991691132,1
CCCCCCCCCC(=O)O,1.170932950247736,CCCCCCCCCC(=O)[O-],0.9262410627273231,CCCCCCCCCCN,0.8754687373538999,CCCCCCCCCC[N+](C)(C)C.[Br-],0.5128236264286637,CCCCCCCCCCOS(=O)(=O)[O-].[Na+],0.6392188385343897,CCCCCCCCCCO,0.46058440732924394,CCCCCCCCCC(=O)OCC(CO)O,0.3818552424690306,18
CCCCCCCCCC(=O)O,0.7299611536826616,CCCCCCCCCC(=O)[O-],0.22314355131420965,CCCCCCCCCCN,0.7654678421395714,CCCCCCCCCC[N+](C)(C)C.[Br-],0.4317824164255377,CCCCCCCCCCOS(=O)(=O)[O-].[Na+],1.2237754316221157,CCCCCCCCCCO,0.19433246946009006,CCCCCCCCCC(=O)OCC(CO)O,0.007968169649176774,22
CCCCCCCCCC(=O)O,0.832909122935104,CCCCCCCCCC(=O)[O-],0.8960880245566356,CCCCCCCCCCN,1.155307632344655,CCCCCCCCCC[N+](C)(C)C.[Br-],0.5481214085096876,CCCCCCCCCCOS(=O)(=O)[O-].[Na+],0.8649974374866045,CCCCCCCCCCO,0.2588967210200276,CCCCCCCCCC(=O)OCC(CO)O,0.11154137473290733,27
CCCCCCCCCC(=O)O,1.0024684281152074,CCCCCCCCCC(=O)[O-],0.9162907318741552,CCCCCCCCCCN,1.1151415906193205,CCCCCCCCCC[N+](C)(C)C.[Br-],1.2311014717141886,CCCCCCCCCCOS(=O)(=O)[O-].[Na+],0.21913552991667087,CCCCCCCCCCO,0.11733849241723324,CCCCCCCCCC(=O)OCC(CO)O,0.21913552991667087,5
CCCCCCCCCC(=O)O,0.7299611536826616,CCCCCCCCCC(=O)[O-],0.6392188385343897,CCCCCCCCCCN,0.10165365372649973,CCCCCCCCCC[N+](C)(C)C.[Br-],0.8960880245566356,CCCCCCCCCCOS(=O)(=O)[O-].[Na+],0.9839493803479701,CCCCCCCCCCO,0.5202807825367458,CCCCCCCCCC(=O)OCC(CO)O,0.08434114843375079,294
CCCCCCCCCC(=O)O,0.7537718023763802,CCCCCCCCCC(=O)[O-],0.8109302162163288,CCCCCCCCCCN,0.31481073984003344,CCCCCCCCCC[N+](C)(C)C.[Br-],0.494696241836107,CCCCCCCCCCOS(=O)(=O)[O-].[Na+],0.9745596399981308,CCCCCCCCCCO,0.05543470688810039,CCCCCCCCCC(=O)OCC(CO)O,0.258510695151501,231
CCCCCCCCCC(=O)O,0.7419373447293773,CCCCCCCCCC(=O)[O-],0.3987761199573678,CCCCCCCCCCN,1.1786549963416462,CCCCCCCCCC[N+](C)(C)C.[Br-],0.5007752879124893,CCCCCCCCCCOS(=O)(=O)[O-].[Na+],0.9839493803479701,CCCCCCCCCCO,0.2139009699472772,CCCCCCCCCC(=O)OCC(CO)O,0.21913552991667087,3
CCCCCCCCCC(=O)O,0.9062403960206536,CCCCCCCCCC(=O)[O-],0.8649974374866045,CCCCCCCCCCN,0.5306282510621704,CCCCCCCCCC[N+](C)(C)C.[Br-],0.21913552991667087,CCCCCCCCCCOS(=O)(=O)[O-].[Na+],1.0647107369924282,CCCCCCCCCCO,0.04831386027855044,CCCCCCCCCC(=O)OCC(CO)O,0.1638180852293949,5
CCCCCCCCCC(=O)O,0.6339278208999741,CCCCCCCCCC(=O)[O-],0.8219800524029137,CCCCCCCCCCN,1.0902440389975931,CCCCCCCCCC[N+](C)(C)C.[Br-],0.5038010088290262,CCCCCCCCCCOS(=O)(=O)[O-].[Na+],1.0560526742493137,CCCCCCCCCCO,0.4700036292457355,CCCCCCCCCC(=O)OCC(CO)O,0.18232155679395454,4
CCCCCCCCCC(=O)O,1.0024684281152074,CCCCCCCCCC(=O)[O-],1.1631508098056809,CCCCCCCCCCN,0.17479329037316296,CCCCCCCCCC[N+](C)(C)C.[Br-],0.8649974374866045,CCCCCCCCCCOS(=O)(=O)[O-].[Na+],0.6931471805599453,CCCCCCCCCCO,0.3559246625480281,CCCCCCCCCC(=O)OCC(CO)O,0.07232066157962602,116
CCCCCCCCCC(=O)O,0.596085467716814,CCCCCCCCCC(=O)[O-],0.688134638736401,CCCCCCCCCCN,0.30010459245033794,CCCCCCCCCC[N+](C)(C)C.[Br-],1.2237754316221157,CCCCCCCCCCOS(=O)(=O)[O-].[Na+],0.6151856390902335,CCCCCCCCCCO,0.2175278125285739,CCCCCCCCCC(=O)OCC(CO)O,0.26236426446749095,4
CCCCCCCCCC(=O)O,0.6805683983530851,CCCCCCCCCC(=O)[O-],0.3471295310952009,CCCCCCCCCCN,0.7055697005585024,CCCCCCCCCC[N+](C)(C)C.[Br-],0.5596157879354227,CCCCCCCCCCOS(=O)(=O)[O-].[Na+],1.208960345836975,CCCCCCCCCCO,0.412109650826833,CCCCCCCCCC(=O)OCC(CO)O,0.0,36
CCCCCCCCCC(=O)O,0.832909122935104,CCCCCCCCCC(=O)[O-],0.16296882827813958,CCCCCCCCCCN,0.33289441527332886,CCCCCCCCCC[N+](C)(C)C.[Br-],0.1510028735365274,CCCCCCCCCCOS(=O)(=O)[O-].[Na+],1.2383742310432684,CCCCCCCCCCO,0.1578580846155803,CCCCCCCCCC(=O)OCC(CO)O,0.3852624007906449,19
CCCCCCCCCC(=O)O,0.03343477608623729,CCCCCCCCCC(=O)[O-],1.1939224684724346,CCCCCCCCCCN,0.965080896043587,CCCCCCCCCC[N+](C)(C)C.[Br-],0.7884573603642702,CCCCCCCCCCOS(=O)(=O)[O-].[Na+],1.0385083645984043,CCCCCCCCCCO,0.10660973505825815,CCCCCCCCCC(=O)OCC(CO)O,0.22713557258374723,125
CCCCCCCCCC(=O)O,0.9555114450274363,CCCCCCCCCC(=O)[O-],1.2163953243244932,CCCCCCCCCCN,0.9932517730102832,CCCCCCCCCC[N+](C)(C)C.[Br-],0.5276827408324135,CCCCCCCCCCOS(=O)(=O)[O-].[Na+],0.7178397931503169,CCCCCCCCCCO,0.2963940130538024,CCCCCCCCCC(=O)OCC(CO)O,0.1906203596086497,70
CCCCCCCCCC(=O)O,0.7299611536826616,CCCCCCCCCC(=O)[O-],1.1786549963416462,CCCCCCCCCCN,0.021761491781512595,CCCCCCCCCC[N+](C)(C)C.[Br-],0.5364933705145685,CCCCCCCCCCOS(=O)(=O)[O-].[Na+],0.9262410627273231,CCCCCCCCCCO,0.3238934544143528,CCCCCCCCCC(=O)OCC(CO)O,0.40212620684264966,313
CCCCCCCCCC(=O)O,0.015873349156290052,CCCCCCCCCC(=O)[O-],0.10616019582839045,CCCCCCCCCCN,0.4762341789963716,CCCCCCCCCC[N+](C)(C)C.[Br-],1.0560526742493137,CCCCCCCCCCOS(=O)(=O)[O-].[Na+],1.1786549963416462,CCCCCCCCCCO,0.3453611840384589,CCCCCCCCCC(=O)OCC(CO)O,0.14323416808590772,92
CCCCCCCCCC(=O)O,1.0024684281152074,CCCCCCCCCC(=O)[O-],0.1947440767925117,CCCCCCCCCCN,0.4317824164255377,CCCCCCCCCC[N+](C)(C)C.[Br-],0.35767444427181583,CCCCCCCCCCOS(=O)(=O)[O-].[Na+],1.1474024528375415,CCCCCCCCCCO,0.21873384282550956,CCCCCCCCCC(=O)OCC(CO)O,0.11689375147149925,0
CCCCCCCCCC(=O)O,0.3784364357202451,CCCCCCCCCC(=O)[O-],0.3506568716131693,CCCCCCCCCCN,0.6906440503418267,CCCCCCCCCC[N+](C)(C)C.[Br-],0.6729444732424258,CCCCCCCCCCOS(=O)(=O)[O-].[Na+],0.6652619770704096,CCCCCCCCCCO,0.26236426446749095,CCCCCCCCCC(=O)OCC(CO)O,0.5850050219402422,0
CCCCCCCCCC(=O)O,0.596085467716814,CCCCCCCCCC(=O)[O-],0.5423242908253617,CCCCCCCCCCN,0.6232610530957788,CCCCCCCCCC[N+](C)(C)C.[Br-],0.6124792774924905,CCCCCCCCCCOS(=O)(=O)[O-].[Na+],0.6549259677397475,CCCCCCCCCCO,0.1731126177086447,CCCCCCCCCC(=O)OCC(CO)O,0.2029408439966902,0
CCCCCCCCCC(=O)O,0.6178846960593984,CCCCCCCCCC(=O)[O-],0.3364722366212129,CCCCCCCCCCN,0.688134638736401,CCCCCCCCCC[N+](C)(C)C.[Br-],0.6575200029167942,CCCCCCCCCCOS(=O)(=O)[O-].[Na+],0.6070444815065336,CCCCCCCCCCO,0.22234323114344054,CCCCCCCCCC(=O)OCC(CO)O,0.4510756193602167,0
CCCCCCCCCC(=O)O,0.5423242908253617,CCCCCCCCCC(=O)[O-],0.4414755456311975,CCCCCCCCCCN,0.4317824164255377,CCCCCCCCCC[N+](C)(C)C.[Br-],0.5877866649021191,CCCCCCCCCCOS(=O)(=O)[O-].[Na+],0.6286086594223741,CCCCCCCCCCO,0.11332868530700309,CCCCCCCCCC(=O)OCC(CO)O,0.521765563804325,0
CCCCCCCCCC(=O)O,0.5794184152316024,CCCCCCCCCC(=O)[O-],0.04305948946044688,CCCCCCCCCCN,0.6418538861723948,CCCCCCCCCC[N+](C)(C)C.[Br-],0.6286086594223741,CCCCCCCCCCOS(=O)(=O)[O-].[Na+],0.5766133643039938,CCCCCCCCCCO,0.05401458830623815,CCCCCCCCCC(=O)OCC(CO)O,0.6205764877251099,0
CCCCCCCCCC(=O)O,0.5394130806179033,CCCCCCCCCC(=O)[O-],0.6931471805599453,CCCCCCCCCCN,0.4478858239921165,CCCCCCCCCC[N+](C)(C)C.[Br-],0.6523251860396903,CCCCCCCCCCOS(=O)(=O)[O-].[Na+],0.4762341789963716,CCCCCCCCCCO,0.11733849241723324,CCCCCCCCCC(=O)OCC(CO)O,0.6830968447064438,0
CCCCCCCCCC(=O)O,0.5766133643039938,CCCCCCCCCC(=O)[O-],0.30748469974796055,CCCCCCCCCCN,0.6392188385343897,CCCCCCCCCC[N+](C)(C)C.[Br-],0.6259384308664953,CCCCCCCCCCOS(=O)(=O)[O-].[Na+],0.6232610530957788,CCCCCCCCCCO,0.2963940130538024,CCCCCCCCCC(=O)OCC(CO)O,0.6805683983530851,0
CCCCCCCCCC(=O)O,0.4731237565819792,CCCCCCCCCC(=O)[O-],0.5681506903852601,CCCCCCCCCCN,0.2889312918522129,CCCCCCCCCC[N+](C)(C)C.[Br-],0.6232610530957788,CCCCCCCCCCOS(=O)(=O)[O-].[Na+],0.6780335427498971,CCCCCCCCCCO,0.23901690047049984,CCCCCCCCCC(=O)OCC(CO)O,0.5794184152316024,0
CCCCCCCCCC(=O)O,0.4382549309311553,CCCCCCCCCC(=O)[O-],0.6471032420585385,CCCCCCCCCCN,0.5128236264286637,CCCCCCCCCC[N+](C)(C)C.[Br-],0.46058440732924394,CCCCCCCCCCOS(=O)(=O)[O-].[Na+],0.6471032420585385,CCCCCCCCCCO,0.05259245011917049,CCCCCCCCCC(=O)OCC(CO)O,0.6339278208999741,0
CCCCCCCCCC(=O)O,0.3852624007906449,CCCCCCCCCC(=O)[O-],0.29266961396281993,CCCCCCCCCCN,0.5822156198526637,CCCCCCCCCC[N+](C)(C)C.[Br-],0.6906440503418267,CCCCCCCCCCOS(=O)(=O)[O-].[Na+],0.6259384308664953,CCCCCCCCCCO,0.02810143011087461,CCCCCCCCCC(=O)OCC(CO)O,0.35417181372061374,0
CCCCCCCCCC(=O)O,0.3750059006234558,CCCCCCCCCC(=O)[O-],0.5481214085096876,CCCCCCCCCCN,0.43502391034970883,CCCCCCCCCC[N+](C)(C)C.[Br-],0.6652619770704096,CCCCCCCCCCOS(=O)(=O)[O-].[Na+],0.5335651107354801,CCCCCCCCCCO,0.025180298530298153,CCCCCCCCCC(=O)OCC(CO)O,0.6549259677397475,0
CCCCCCCCCC(=O)O,0.6232610530957788,CCCCCCCCCC(=O)[O-],0.5567545556543905,CCCCCCCCCCN,0.4252677354043441,CCCCCCCCCC[N+](C)(C)C.[Br-],0.6444820085786643,CCCCCCCCCCOS(=O)(=O)[O-].[Na+],0.6856189141391538,CCCCCCCCCCO,0.4170642439515162,CCCCCCCCCC(=O)OCC(CO)O,0.49774038421733513,0
CCCCCCCCCC(=O)O,0.6678293725756554,CCCCCCCCCC(=O)[O-],0.5423242908253617,CCCCCCCCCCN,0.6497176226326093,CCCCCCCCCC[N+](C)(C)C.[Br-],0.6906440503418267,CCCCCCCCCCOS(=O)(=O)[O-].[Na+],0.408792898200839,CCCCCCCCCCO,0.04831386027855044,CCCCCCCCCC(=O)OCC(CO)O,0.5276827408324135,0
CCCCCCCCCC(=O)O,0.688134638736401,CCCCCCCCCC(=O)[O-],0.521765563804325,CCCCCCCCCCN,0.6232610530957788,CCCCCCCCCC[N+](C)(C)C.[Br-],0.6652619770704096,CCCCCCCCCCOS(=O)(=O)[O-].[Na+],0.5794184152316024,CCCCCCCCCCO,0.3767226392425104,CCCCCCCCCC(=O)OCC(CO)O,0.5653138090500605,0
CCCCCCCCCC(=O)O,0.5905605917848443,CCCCCCCCCC(=O)[O-],0.5822156198526637,CCCCCCCCCCN,0.688134638736401,CCCCCCCCCC[N+](C)(C)C.[Br-],0.521765563804325,CCCCCCCCCCOS(=O)(=O)[O-].[Na+],0.6259384308664953,CCCCCCCCCCO,0.08617769624105225,CCCCCCCCCC(=O)OCC(CO)O,0.31115442863692294,0
CCCCCCCCCC(=O)O,0.4285303810391605,CCCCCCCCCC(=O)[O-],0.4054651081081644,CCCCCCCCCCN,0.6703901934373291,CCCCCCCCCC[N+](C)(C)C.[Br-],0.6601073264817452,CCCCCCCCCCOS(=O)(=O)[O-].[Na+],0.5933268452777344,CCCCCCCCCCO,0.15529288440603514,CCCCCCCCCC(=O)OCC(CO)O,0.5850050219402422,0
CCCCCCCCCC(=O)O,0.688134638736401,CCCCCCCCCC(=O)[O-],0.2776317365982795,CCCCCCCCCCN,0.2151113796169455,CCCCCCCCCC[N+](C)(C)C.[Br-],0.6339278208999741,CCCCCCCCCCOS(=O)(=O)[O-].[Na+],0.5933268452777344,CCCCCCCCCCO,0.06672363204290799,CCCCCCCCCC(=O)OCC(CO)O,0.6312717768418579,0
CCCCCCCCCC(=O)O,0.5905605917848443,CCCCCCCCCC(=O)[O-],0.23111172096338656,CCCCCCCCCCN,0.5394130806179033,CCCCCCCCCC[N+](C)(C)C.[Br-],0.6043159668533296,CCCCCCCCCCOS(=O)(=O)[O-].[Na+],0.6906440503418267,CCCCCCCCCCO,0.06672363204290799,CCCCCCCCCC(=O)OCC(CO)O,0.23111172096338656,0
CCCCCCCCCC(=O)O,0.5481214085096876,CCCCCCCCCC(=O)[O-],0.22314355131420965,CCCCCCCCCCN,0.5933268452777344,CCCCCCCCCC[N+](C)(C)C.[Br-],0.4574248470388754,CCCCCCCCCCOS(=O)(=O)[O-].[Na+],0.6678293725756554,CCCCCCCCCCO,0.06250520535139692,CCCCCCCCCC(=O)OCC(CO)O,0.6601073264817452,0
CCCCCCCCCC(=O)O,0.5822156198526637,CCCCCCCCCC(=O)[O-],0.04305948946044688,CCCCCCCCCCN,0.6703901934373291,CCCCCCCCCC[N+](C)(C)C.[Br-],0.6652619770704096,CCCCCCCCCCOS(=O)(=O)[O-].[Na+],0.6312717768418579,CCCCCCCCCCO,0.0820407103362095,CCCCCCCCCC(=O)OCC(CO)O,0.3954147722546629,0
CCCCCCCCCC(=O)O,0.6856189141391538,CCCCCCCCCC(=O)[O-],0.6339278208999741,CCCCCCCCCCN,0.3750059006234558,CCCCCCCCCC[N+](C)(C)C.[Br-],0.6339278208999741,CCCCCCCCCCOS(=O)(=O)[O-].[Na+],0.5877866649021191,CCCCCCCCCCO,0.3293037471426004,CCCCCCCCCC(=O)OCC(CO)O,0.596085467716814,0
CCCCCCCCCC(=O)O,0.4793349566746198,CCCCCCCCCC(=O)[O-],0.6151856390902335,CCCCCCCCCCN,0.33289441527332886,CCCCCCCCCC[N+](C)(C)C.[Br-],0.49774038421733513,CCCCCCCCCCOS(=O)(=O)[O-].[Na+],0.6856189141391538,CCCCCCCCCCO,0.09848694671465394,CCCCCCCCCC(=O)OCC(CO)O,0.5822156198526637,0
CCCCCCCCCC(=O)O,0.5364933705145685,CCCCCCCCCC(=O)[O-],0.5452270504833231,CCCCCCCCCCN,0.412109650826833,CCCCCCCCCC[N+](C)(C)C.[Br-],0.6601073264817452,CCCCCCCCCCOS(=O)(=O)[O-].[Na+],0.5007752879124893,CCCCCCCCCCO,0.02664193094642108,CCCCCCCCCC(=O)OCC(CO)O,0.5794184152316024,0
CCCCCCCCCC(=O)O,0.46058440732924394,CCCCCCCCCC(=O)[O-],0.5653138090500605,CCCCCCCCCCN,0.3954147722546629,CCCCCCCCCC[N+](C)(C)C.[Br-],0.5877866649021191,CCCCCCCCCCOS(=O)(=O)[O-].[Na+],0.6286086594223741,CCCCCCCCCCO,0.1501426584297195,CCCCCCCCCC(=O)OCC(CO)O,0.6286086594223741,0
CCCCCCCCCC(=O)O,0.5681506903852601,CCCCCCCCCC(=O)[O-],0.3784364357202451,CCCCCCCCCCN,0.3257001396393017,CCCCCCCCCC[N+](C)(C)C.[Br-],0.6339278208999741,CCCCCCCCCCOS(=O)(=O)[O-].[Na+],0.6286086594223741,CCCCCCCCCCO,0.05259245011917049,CCCCCCCCCC(=O)OCC(CO)O,0.418710334858185,0
CCCCCCCCCC(=O)O,0.6626879730752367,CCCCCCCCCC(=O)[O-],0.4824261492442927,CCCCCCCCCCN,0.418710334858185,CCCCCCCCCC[N+](C)(C)C.[Br-],0.5187937934151676,CCCCCCCCCCOS(=O)(=O)[O-].[Na+],0.6626879730752367,CCCCCCCCCCO,0.2738366656297278,CCCCCCCCCC(=O)OCC(CO)O,0.6626879730752367,0
CCCCCCCCCC(=O)O,0.4252677354043441,CCCCCCCCCC(=O)[O-],0.6097655716208943,CCCCCCCCCCN,0.44468582126144574,CCCCCCCCCC[N+](C)(C)C.[Br-],0.521765563804325,CCCCCCCCCCOS(=O)(=O)[O-].[Na+],0.6652619770704096,CCCCCCCCCCO,0.04258044753511829,CCCCCCCCCC(=O)OCC(CO)O,0.4824261492442927,0
CCCCCCCCCC(=O)O,0.5933268452777344,CCCCCCCCCC(=O)[O-],0.6856189141391538,CCCCCCCCCCN,0.5738004229273791,CCCCCCCCCC[N+](C)(C)C.[Br-],0.4317824164255377,CCCCCCCCCCOS(=O)(=O)[O-].[Na+],0.6418538861723948,CCCCCCCCCCO,0.19433246946009006,CCCCCCCCCC(=O)OCC(CO)O,0.6523251860396903,0
CCCCCCCCCC(=O)O,0.5481214085096876,CCCCCCCCCC(=O)[O-],0.1283932147683989,CCCCCCCCCCN,0.35417181372061374,CCCCCCCCCC[N+](C)(C)C.[Br-],0.6523251860396903,CCCCCCCCCCOS(=O)(=O)[O-].[Na+],0.598836501088704,CCCCCCCCCCO,0.03391821820346048,CCCCCCCCCC(=O)OCC(CO)O,0.6205764877251099,0
CCCCCCCCCC(=O)O,0.5624688569178291,CCCCCCCCCC(=O)[O-],0.07696104113612824,CCCCCCCCCCN,0.5766133643039938,CCCCCCCCCC[N+](C)(C)C.[Br-],0.5850050219402422,CCCCCCCCCCOS(=O)(=O)[O-].[Na+],0.6259384308664953,CCCCCCCCCCO,0.059683002161173546,CCCCCCCCCC(=O)OCC(CO)O,0.5877866649021191,0
CCCCCCCCCC(=O)O,0.5681506903852601,CCCCCCCCCC(=O)[O-],0.5510074133988225,CCCCCCCCCCN,0.4382549309311553,CCCCCCCCCC[N+](C)(C)C.[Br-],0.6856189141391538,CCCCCCCCCCOS(=O)(=O)[O-].[Na+],0.6780335427498971,CCCCCCCCCCO,0.5113254988076417,CCCCCCCCCC(=O)OCC(CO)O,0.6549259677397475,0
CCCCCCCCCC(=O)O,0.40212620684264966,CCCCCCCCCC(=O)[O-],0.30010459245033794,CCCCCCCCCCN,0.6678293725756554,CCCCCCCCCC[N+](C)(C)C.[Br-],0.5567545556543905,CCCCCCCCCCOS(=O)(=O)[O-].[Na+],0.6626879730752367,CCCCCCCCCCO,0.10930273489045006,CCCCCCCCCC(=O)OCC(CO)O,0.6124792774924905,0
CCCCCCCCCC(=O)O,0.5364933705145685,CCCCCCCCCC(=O)[O-],0.6549259677397475,CCCCCCCCCCN,0.5364933705145685,CCCCCCCCCC[N+](C)(C)C.[Br-],0.6549259677397475,CCCCCCCCCCOS(=O)(=O)[O-].[Na+],0.6286086594223741,CCCCCCCCCCO,0.2588967210200276,CCCCCCCCCC(=O)OCC(CO)O,0.3681093215643954,0
CCCCCCCCCC(=O)O,0.3681093215643954,CCCCCCCCCC(=O)[O-],0.4285303810391605,CCCCCCCCCCN,0.6392188385343897,CCCCCCCCCC[N+](C)(C)C.[Br-],0.6754922453212245,CCCCCCCCCCOS(=O)(=O)[O-].[Na+],0.6339278208999741,CCCCCCCCCCO,0.26236426446749095,CCCCCCCCCC(=O)OCC(CO)O,0.6626879730752367,0
CCCCCCCCCC(=O)O,0.6601073264817452,CCCCCCCCCC(=O)[O-],0.6549259677397475,CCCCCCCCCCN,0.6830968447064438,CCCCCCCCCC[N+](C)(C)C.[Br-],0.6418538861723948,CCCCCCCCCCOS(=O)(=O)[O-].[Na+],0.596085467716814,CCCCCCCCCCO,0.4510756193602167,CCCCCCCCCC(=O)OCC(CO)O,0.5877866649021191,0
CCCCCCCCCC(=O)O,0.6575200029167942,CCCCCCCCCC(=O)[O-],0.6906440503418267,CCCCCCCCCCN,0.5766133643039938,CCCCCCCCCC[N+](C)(C)C.[Br-],0.4731237565819792,CCCCCCCCCCOS(=O)(=O)[O-].[Na+],0.6652619770704096,CCCCCCCCCCO,0.1794006283662908,CCCCCCCCCC(=O)OCC(CO)O,0.3293037471426004,0
CCCCCCCCCC(=O)O,0.6043159668533296,CCCCCCCCCC(=O)[O-],0.6178846960593984,CCCCCCCCCCN,0.5335651107354801,CCCCCCCCCC[N+](C)(C)C.[Br-],0.3920420877760237,CCCCCCCCCCOS(=O)(=O)[O-].[Na+],0.6392188385343897,CCCCCCCCCCO,0.008959741371471805,CCCCCCCCCC(=O)OCC(CO)O,0.5247285289349821,0
CCCCCCCCCC(=O)O,0.6471032420585385,CCCCCCCCCC(=O)[O-],0.5510074133988225,CCCCCCCCCCN,0.4252677354043441,CCCCCCCCCC[N+](C)(C)C.[Br-],0.6729444732424258,CCCCCCCCCCOS(=O)(=O)[O-].[Na+],0.4916428043492167,CCCCCCCCCCO,0.06672363204290799,CCCCCCCCCC(=O)OCC(CO)O,0.494696241836107,0
CCCCCCCCCC(=O)O,0.5794184152316024,CCCCCCCCCC(=O)[O-],0.5276827408324135,CCCCCCCCCCN,0.23507212217948348,CCCCCCCCCC[N+](C)(C)C.[Br-],0.6286086594223741,CCCCCCCCCCOS(=O)(=O)[O-].[Na+],0.6471032420585385,CCCCCCCCCCO,0.20416458471640678,CCCCCCCCCC(=O)OCC(CO)O,0.5624688569178291,0
CCCCCCCCCC(=O)O,0.596085467716814,CCCCCCCCCC(=O)[O-],0.598836501088704,CCCCCCCCCCN,0.6652619770704096,CCCCCCCCCC[N+](C)(C)C.[Br-],0.6601073264817452,CCCCCCCCCCOS(=O)(=O)[O-].[Na+],0.5068176023684519,CCCCCCCCCCO,0.26811691695694073,CCCCCCCCCC(=O)OCC(CO)O,0.688134638736401,1
CCCCCCCCCC(=O)O,0.6205764877251099,CCCCCCCCCC(=O)[O-],0.5822156198526637,CCCCCCCCCCN,0.6856189141391538,CCCCCCCCCC[N+](C)(C)C.[Br-],0.5624688569178291,CCCCCCCCCCOS(=O)(=O)[O-].[Na+],0.5905605917848443,CCCCCCCCCCO,0.2963940130538024,CCCCCCCCCC(=O)OCC(CO)O,0.6471032420585385,0
CCCCCCCCCC(=O)O,0.6575200029167942,CCCCCCCCCC(=O)[O-],0.3611648492115844,CCCCCCCCCCN,0.636576829071551,CCCCCCCCCC[N+](C)(C)C.[Br-],0.3886579897917831,CCCCCCCCCCOS(=O)(=O)[O-].[Na+],0.6780335427498971,CCCCCCCCCCO,0.11867152971749854,CCCCCCCCCC(=O)OCC(CO)O,0.6312717768418579,0
CCCCCCCCCC(=O)O,0.6339278208999741,CCCCCCCCCC(=O)[O-],0.6070444815065336,CCCCCCCCCCN,0.2429461786103894,CCCCCCCCCC[N+](C)(C)C.[Br-],0.6780335427498971,CCCCCCCCCCOS(=O)(=O)[O-].[Na+],0.5681506903852601,CCCCCCCCCCO,0.08617769624105225,CCCCCCCCCC(=O)OCC(CO)O,0.3681093215643954,0
CCCCCCCCCC(=O)O,0.3954147722546629,CCCCCCCCCC(=O)[O-],0.6232610530957788,CCCCCCCCCCN,0.17730901497041018,CCCCCCCCCC[N+](C)(C)C.[Br-],0.6549259677397475,CCCCCCCCCCOS(=O)(=O)[O-].[Na+],0.6805683983530851,CCCCCCCCCCO,0.08892620919440142,CCCCCCCCCC(=O)OCC(CO)O,0.408792898200839,0
CCCCCCCCCC(=O)O,0.6312717768418579,CCCCCCCCCC(=O)[O-],0.6856189141391538,CCCCCCCCCCN,0.3471295310952009,CCCCCCCCCC[N+](C)(C)C.[Br-],0.5068176023684519,CCCCCCCCCCOS(=O)(=O)[O-].[Na+],0.598836501088704,CCCCCCCCCCO,0.02664193094642108,CCCCCCCCCC(=O)OCC(CO)O,0.4542552722775964,0
CCCCCCCCCC(=O)O,0.5423242908253617,CCCCCCCCCC(=O)[O-],0.4054651081081644,CCCCCCCCCCN,0.5850050219402422,CCCCCCCCCC[N+](C)(C)C.[Br-],0.6906440503418267,CCCCCCCCCCOS(=O)(=O)[O-].[Na+],0.5335651107354801,CCCCCCCCCCO,0.146262506978252,CCCCCCCCCC(=O)OCC(CO)O,0.5766133643039938,0
CCCCCCCCCC(=O)O,0.6601073264817452,CCCCCCCCCC(=O)[O-],0.5187937934151676,CCCCCCCCCCN,0.4700036292457355,CCCCCCCCCC[N+](C)(C)C.[Br-],0.6575200029167942,CCCCCCCCCCOS(=O)(=O)[O-].[Na+],0.6575200029167942,CCCCCCCCCCO,0.4653051084641814,CCCCCCCCCC(=O)OCC(CO)O,0.6015799870344548,0
CCCCCCCCCC(=O)O,0.6070444815065336,CCCCCCCCCC(=O)[O-],0.6523251860396903,CCCCCCCCCCN,0.4916428043492167,CCCCCCCCCC[N+](C)(C)C.[Br-],0.5794184152316024,CCCCCCCCCCOS(=O)(=O)[O-].[Na+],0.6178846960593984,CCCCCCCCCCO,0.0014988761237357921,CCCCCCCCCC(=O)OCC(CO)O,0.10255658832509197,0
CCCCCCCCCC(=O)O,1.2014696741078177,CCCCCCCCCC(=O)[O-],1.1863178690872151,CCCCCCCCCCN,1.0473189942805592,CCCCCCCCCC[N+](C)(C)C.[Br-],0.49774038421733513,CCCCCCCCCCOS(=O)(=O)[O-].[Na+],0.047837329414160024,CCCCCCCCCCO,0.04545126290391728,CCCCCCCCCC(=O)OCC(CO)O,0.23111172096338656,46
CCCCCCCCCC(=O)O,1.1474024528375415,CCCCCCCCCC(=O)[O-],0.7299611536826616,CCCCCCCCCCN,1.155307632344655,CCCCCCCCCC[N+](C)(C)C.[Br-],0.4762341789963716,CCCCCCCCCCOS(=O)(=O)[O-].[Na+],0.4542552722775964,CCCCCCCCCCO,0.2738366656297278,CCCCCCCCCC(=O)OCC(CO)O,0.16296882827813958,34
CCCCCCCCCC(=O)O,1.1631508098056809,CCCCCCCCCC(=O)[O-],0.013902905168991224,CCCCCCCCCCN,0.8437200390393196,CCCCCCCCCC[N+](C)(C)C.[Br-],0.1354046370062029,CCCCCCCCCCOS(=O)(=O)[O-].[Na+],0.9932517730102832,CCCCCCCCCCO,0.3970968584376477,CCCCCCCCCC(=O)OCC(CO)O,0.3646431135879092,27
CCCCCCCCCC(=O)O,1.0732944806838198,CCCCCCCCCC(=O)[O-],0.31845373111853453,CCCCCCCCCCN,0.4510756193602167,CCCCCCCCCC[N+](C)(C)C.[Br-],1.1394342831883648,CCCCCCCCCCOS(=O)(=O)[O-].[Na+],0.46058440732924394,CCCCCCCCCCO,0.23309388216737775,CCCCCCCCCC(=O)OCC(CO)O,0.05638033343610745,4
CCCCCCCCCC(=O)O,0.7537718023763802,CCCCCCCCCC(=O)[O-],0.9932517730102832,CCCCCCCCCCN,1.2163953243244932,CCCCCCCCCC[N+](C)(C)C.[Br-],0.4793349566746198,CCCCCCCCCCOS(=O)(=O)[O-].[Na+],0.6678293725756554,CCCCCCCCCCO,0.3767226392425104,CCCCCCCCCC(=O)OCC(CO)O,0.061095099359810785,32
CCCCCCCCCC(=O)O,1.020650747198398,CCCCCCCCCC(=O)[O-],0.4916428043492167,CCCCCCCCCCN,0.6015799870344548,CCCCCCCCCC[N+](C)(C)C.[Br-],0.7997569156182036,CCCCCCCCCCOS(=O)(=O)[O-].[Na+],0.5738004229273791,CCCCCCCCCCO,0.3238934544143528,CCCCCCCCCC(=O)OCC(CO)O,0.18232155679395454,80
CCCCCCCCCC(=O)O,0.9162907318741552,CCCCCCCCCC(=O)[O-],0.10526051065749285,CCCCCCCCCCN,1.1863178690872151,CCCCCCCCCC[N+](C)(C)C.[Br-],0.7299611536826616,CCCCCCCCCCOS(=O)(=O)[O-].[Na+],0.7055697005585024,CCCCCCCCCCO,0.3346849260471172,CCCCCCCCCC(=O)OCC(CO)O,0.3681093215643954,66
CCCCCCCCCC(=O)O,1.1151415906193205,CCCCCCCCCC(=O)[O-],0.6523251860396903,CCCCCCCCCCN,0.832909122935104,CCCCCCCCCC[N+](C)(C)C.[Br-],0.9162907318741552,CCCCCCCCCCOS(=O)(=O)[O-].[Na+],0.23901690047049984,CCCCCCCCCCO,0.0295588022415444,CCCCCCCCCC(=O)OCC(CO)O,0.1612681475961222,12
CCCCCCCCCC(=O)O,0.8858315243894466,CCCCCCCCCC(=O)[O-],0.1697427745870945,CCCCCCCCCCN,0.5038010088290262,CCCCCCCCCC[N+](C)(C)C.[Br-],0.4478858239921165,CCCCCCCCCCOS(=O)(=O)[O-].[Na+],0.9458495341156996,CCCCCCCCCCO,0.2235434713355366,CCCCCCCCCC(=O)OCC(CO)O,0.006975613736425044,65
CCCCCCCCCC(=O)O,0.6906440503418267,CCCCCCCCCC(=O)[O-],0.6805683983530851,CCCCCCCCCCN,0.001998002662672956,CCCCCCCCCC[N+](C)(C)C.[Br-],1.0818051703517284,CCCCCCCCCCOS(=O)(=O)[O-].[Na+],0.596085467716814,CCCCCCCCCCO,0.40212620684264966,CCCCCCCCCC(=O)OCC(CO)O,0.2151113796169455,194
CCCCCCCCCC(=O)O,0.6523251860396903,CCCCCCCCCC(=O)[O-],0.4542552722775964,CCCCCCCCCCN,0.3784364357202451,CCCCCCCCCC[N+](C)(C)C.[Br-],0.8754687373538999,CCCCCCCCCCOS(=O)(=O)[O-].[Na+],0.6856189141391538,CCCCCCCCCCO,0.07510747248680533,CCCCCCCCCC(=O)OCC(CO)O,0.1034587083682299,58
CCCCCCCCCC(=O)O,1.252762968495368,CCCCCCCCCC(=O)[O-],0.4317824164255377,CCCCCCCCCCN,1.1474024528375415,CCCCCCCCCC[N+](C)(C)C.[Br-],0.35417181372061374,CCCCCCCCCCOS(=O)(=O)[O-].[Na+],0.5905605917848443,CCCCCCCCCCO,0.243730184922598,CCCCCCCCCC(=O)OCC(CO)O,0.23507212217948348,10
CCCCCCCCCC(=O)O,0.832909122935104,CCCCCCCCCC(=O)[O-],0.9555114450274363,CCCCCCCCCCN,1.0296194171811583,CCCCCCCCCC[N+](C)(C)C.[Br-],1.0902440389975931,CCCCCCCCCCOS(=O)(=O)[O-].[Na+],0.1864795669426183,CCCCCCCCCCO,0.26236426446749095,CCCCCCCCCC(=O)OCC(CO)O,0.2963940130538024,52
CCCCCCCCCC(=O)O,0.965080896043587,CCCCCCCCCC(=O)[O-],0.7884573603642702,CCCCCCCCCCN,0.16889853646181385,CCCCCCCCCC[N+](C)(C)C.[Br-],0.4382549309311553,CCCCCCCCCCOS(=O)(=O)[O-].[Na+],0.832909122935104,CCCCCCCCCCO,0.20416458471640678,CCCCCCCCCC(=O)OCC(CO)O,0.30748469974796055,569
CCCCCCCCCC(=O)O,0.5905605917848443,CCCCCCCCCC(=O)[O-],0.6931471805599453,CCCCCCCCCCN,0.04018178963283164,CCCCCCCCCC[N+](C)(C)C.[Br-],0.6931471805599453,CCCCCCCCCCOS(=O)(=O)[O-].[Na+],0.8754687373538999,CCCCCCCCCCO,0.1591382213382973,CCCCCCCCCC(=O)OCC(CO)O,0.30748469974796055,1068
CCCCCCCCCC(=O)O,0.7654678421395714,CCCCCCCCCC(=O)[O-],0.9162907318741552,CCCCCCCCCCN,0.11154137473290733,CCCCCCCCCC[N+](C)(C)C.[Br-],0.2776317365982795,CCCCCCCCCCOS(=O)(=O)[O-].[Na+],1.0818051703517284,CCCCCCCCCCO,0.3400373027857091,CCCCCCCCCC(=O)OCC(CO)O,0.35417181372061374,168
CCCCCCCCCC(=O)O,0.3954147722546629,CCCCCCCCCC(=O)[O-],0.0925791812930931,CCCCCCCCCCN,0.5335651107354801,CCCCCCCCCC[N+](C)(C)C.[Br-],0.7770286645406475,CCCCCCCCCCOS(=O)(=O)[O-].[Na+],0.8960880245566356,CCCCCCCCCCO,0.22593963861621094,CCCCCCCCCC(=O)OCC(CO)O,0.2738366656297278,100
CCCCCCCCCC(=O)O,0.036331929247390184,CCCCCCCCCC(=O)[O-],0.10885440491208198,CCCCCCCCCCN,0.9262410627273231,CCCCCCCCCC[N+](C)(C)C.[Br-],0.9745596399981308,CCCCCCCCCCOS(=O)(=O)[O-].[Na+],0.8219800524029137,CCCCCCCCCCO,0.08755289700786135,CCCCCCCCCC(=O)OCC(CO)O,0.022739486969489332,10
CCCCCCCCCC(=O)O,0.09621885774054273,CCCCCCCCCC(=O)[O-],1.020650747198398,CCCCCCCCCCN,0.7537718023763802,CCCCCCCCCC[N+](C)(C)C.[Br-],0.8219800524029137,CCCCCCCCCCOS(=O)(=O)[O-].[Na+],0.8437200390393196,CCCCCCCCCCO,0.4931706885272699,CCCCCCCCCC(=O)OCC(CO)O,0.31845373111853453,131
CCCCCCCCCC(=O)O,0.6678293725756554,CCCCCCCCCC(=O)[O-],0.3611648492115844,CCCCCCCCCCN,1.1474024528375415,CCCCCCCCCC[N+](C)(C)C.[Br-],0.4382549309311553,CCCCCCCCCCOS(=O)(=O)[O-].[Na+],0.9162907318741552,CCCCCCCCCCO,0.3019547317384995,CCCCCCCCCC(=O)OCC(CO)O,0.26236426446749095,2
CCCCCCCCCC(=O)O,0.0934903430873388,CCCCCCCCCC(=O)[O-],0.8544153281560676,CCCCCCCCCCN,0.8960880245566356,CCCCCCCCCC[N+](C)(C)C.[Br-],0.7997569156182036,CCCCCCCCCCOS(=O)(=O)[O-].[Na+],0.8437200390393196,CCCCCCCCCCO,0.26811691695694073,CCCCCCCCCC(=O)OCC(CO)O,0.07696104113612824,100
CCCCCCCCCC(=O)O,1.170932950247736,CCCCCCCCCC(=O)[O-],0.2662030407746566,CCCCCCCCCCN,0.9262410627273231,CCCCCCCCCC[N+](C)(C)C.[Br-],0.9062403960206536,CCCCCCCCCCOS(=O)(=O)[O-].[Na+],0.5709795465857378,CCCCCCCCCCO,0.5291565804507141,CCCCCCCCCC(=O)OCC(CO)O,0.11332868530700309,1
CCCCCCCCCC(=O)O,0.7997569156182036,CCCCCCCCCC(=O)[O-],0.6286086594223741,CCCCCCCCCCN,0.31481073984003344,CCCCCCCCCC[N+](C)(C)C.[Br-],0.7654678421395714,CCCCCCCCCCOS(=O)(=O)[O-].[Na+],0.7055697005585024,CCCCCCCCCCO,0.3238934544143528,CCCCCCCCCC(=O)OCC(CO)O,0.26236426446749095,426
CCCCCCCCCC(=O)O,0.5738004229273791,CCCCCCCCCC(=O)[O-],0.7419373447293773,CCCCCCCCCCN,1.1151415906193205,CCCCCCCCCC[N+](C)(C)C.[Br-],0.1731126177086447,CCCCCCCCCCOS(=O)(=O)[O-].[Na+],1.020650747198398,CCCCCCCCCCO,0.16041672140590452,CCCCCCCCCC(=O)OCC(CO)O,0.018821754240587664,20
CCCCCCCCCC(=O)O,0.6523251860396903,CCCCCCCCCC(=O)[O-],0.4574248470388754,CCCCCCCCCCN,1.1786549963416462,CCCCCCCCCC[N+](C)(C)C.[Br-],0.5187937934151676,CCCCCCCCCCOS(=O)(=O)[O-].[Na+],0.8649974374866045,CCCCCCCCCCO,0.3346849260471172,CCCCCCCCCC(=O)OCC(CO)O,0.1864795669426183,6
CCCCCCCCCC(=O)O,0.173953307123438,CCCCCCCCCC(=O)[O-],0.2546422183735807,CCCCCCCCCCN,0.7654678421395714,CCCCCCCCCC[N+](C)(C)C.[Br-],1.0296194171811583,CCCCCCCCCCOS(=O)(=O)[O-].[Na+],0.7537718023763802,CCCCCCCCCCO,0.1967995759746077,CCCCCCCCCC(=O)OCC(CO)O,0.07973496801885346,0
CCCCCCCCCC(=O)O,0.7537718023763802,CCCCCCCCCC(=O)[O-],0.596085467716814,CCCCCCCCCCN,0.4252677354043441,CCCCCCCCCC[N+](C)(C)C.[Br-],0.05164323315183836,CCCCCCCCCCOS(=O)(=O)[O-].[Na+],1.2237754316221157,CCCCCCCCCCO,0.041141943331174984,CCCCCCCCCC(=O)OCC(CO)O,0.15700374880966467,171
CCCCCCCCCC(=O)O,0.1319050708799385,CCCCCCCCCC(=O)[O-],0.7654678421395714,CCCCCCCCCCN,0.3257001396393017,CCCCCCCCCC[N+](C)(C)C.[Br-],1.1786549963416462,CCCCCCCCCCOS(=O)(=O)[O-].[Na+],0.5481214085096876,CCCCCCCCCCO,0.058268908123975685,CCCCCCCCCC(=O)OCC(CO)O,0.1239859797809912,2
CCCCCCCCCC(=O)O,0.6205764877251099,CCCCCCCCCC(=O)[O-],1.170932950247736,CCCCCCCCCCN,0.35767444427181583,CCCCCCCCCC[N+](C)(C)C.[Br-],0.9458495341156996,CCCCCCCCCCOS(=O)(=O)[O-].[Na+],0.3818552424690306,CCCCCCCCCCO,0.15657630704209657,CCCCCCCCCC(=O)OCC(CO)O,0.23901690047049984,197
CCCCCCCCCC(=O)O,0.7178397931503169,CCCCCCCCCC(=O)[O-],1.0296194171811583,CCCCCCCCCCN,0.6906440503418267,CCCCCCCCCC[N+](C)(C)C.[Br-],0.6549259677397475,CCCCCCCCCCOS(=O)(=O)[O-].[Na+],0.5335651107354801,CCCCCCCCCCO,0.126632650933366,CCCCCCCCCC(=O)OCC(CO)O,0.061095099359810785,270
CCCCCCCCCC(=O)O,0.8649974374866045,CCCCCCCCCC(=O)[O-],1.2311014717141886,CCCCCCCCCCN,0.4762341789963716,CCCCCCCCCC[N+](C)(C)C.[Br-],0.8858315243894466,CCCCCCCCCCOS(=O)(=O)[O-].[Na+],0.2029408439966902,CCCCCCCCCCO,0.17185025692665912,CCCCCCCCCC(=O)OCC(CO)O,0.02858745685191236,162
CCCCCCCCCC(=O)O,1.208960345836975,CCCCCCCCCC(=O)[O-],1.1394342831883648,CCCCCCCCCCN,1.01160091167848,CCCCCCCCCC[N+](C)(C)C.[Br-],0.11064652008706348,CCCCCCCCCCOS(=O)(=O)[O-].[Na+],0.408792898200839,CCCCCCCCCCO,0.261209752120666,CCCCCCCCCC(=O)OCC(CO)O,0.3750059006234558,70
CCCCCCCCCC(=O)O,1.1939224684724346,CCCCCCCCCC(=O)[O-],0.9839493803479701,CCCCCCCCCCN,1.1631508098056809,CCCCCCCCCC[N+](C)(C)C.[Br-],0.5681506903852601,CCCCCCCCCCOS(=O)(=O)[O-].[Na+],0.22314355131420965,CCCCCCCCCCO,0.2795238847503174,CCCCCCCCCC(=O)OCC(CO)O,0.11778303565638337,192
CCCCCCCCCC(=O)O,0.965080896043587,CCCCCCCCCC(=O)[O-],0.09712671073072265,CCCCCCCCCCN,0.5335651107354801,CCCCCCCCCC[N+](C)(C)C.[Br-],0.8960880245566356,CCCCCCCCCCOS(=O)(=O)[O-].[Na+],0.7419373447293773,CCCCCCCCCCO,0.4700036292457355,CCCCCCCCCC(=O)OCC(CO)O,0.07232066157962602,154
CCCCCCCCCC(=O)O,1.2237754316221157,CCCCCCCCCC(=O)[O-],1.155307632344655,CCCCCCCCCCN,0.35417181372061374,CCCCCCCCCC[N+](C)(C)C.[Br-],0.29266961396281993,CCCCCCCCCCOS(=O)(=O)[O-].[Na+],0.5128236264286637,CCCCCCCCCCO,0.16169358899798697,CCCCCCCCCC(=O)OCC(CO)O,0.28141245943818544,53
CCCCCCCCCC(=O)O,0.8544153281560676,CCCCCCCCCC(=O)[O-],1.252762968495368,CCCCCCCCCCN,0.7654678421395714,CCCCCCCCCC[N+](C)(C)C.[Br-],0.1327811112338184,CCCCCCCCCCOS(=O)(=O)[O-].[Na+],0.6906440503418267,CCCCCCCCCCO,0.08617769624105225,CCCCCCCCCC(=O)OCC(CO)O,0.09621885774054273,48
CCCCCCCCCC(=O)O,0.1275133202989595,CCCCCCCCCC(=O)[O-],0.3506568716131693,CCCCCCCCCCN,0.8109302162163288,CCCCCCCCCC[N+](C)(C)C.[Br-],0.5423242908253617,CCCCCCCCCCOS(=O)(=O)[O-].[Na+],1.0732944806838198,CCCCCCCCCCO,0.23190505698278244,CCCCCCCCCC(=O)OCC(CO)O,0.002995508979798379,271
CCCCCCCCCC(=O)O,0.7419373447293773,CCCCCCCCCC(=O)[O-],0.5822156198526637,CCCCCCCCCCN,1.2014696741078177,CCCCCCCCCC[N+](C)(C)C.[Br-],1.0647107369924282,CCCCCCCCCCOS(=O)(=O)[O-].[Na+],0.37156355643248296,CCCCCCCCCCO,0.0820407103362095,CCCCCCCCCC(=O)OCC(CO)O,0.10795714150509218,0
CCCCCCCCCC(=O)O,0.7055697005585024,CCCCCCCCCC(=O)[O-],0.9555114450274363,CCCCCCCCCCN,1.1233049012584813,CCCCCCCCCC[N+](C)(C)C.[Br-],0.1806534996932576,CCCCCCCCCCOS(=O)(=O)[O-].[Na+],0.9360933591703348,CCCCCCCCCCO,0.5379542911542433,CCCCCCCCCC(=O)OCC(CO)O,0.31115442863692294,46
CCCCCCCCCC(=O)O,0.8960880245566356,CCCCCCCCCC(=O)[O-],0.4916428043492167,CCCCCCCCCCN,1.1939224684724346,CCCCCCCCCC[N+](C)(C)C.[Br-],1.1863178690872151,CCCCCCCCCCOS(=O)(=O)[O-].[Na+],0.21107097007994044,CCCCCCCCCCO,0.10526051065749285,CCCCCCCCCC(=O)OCC(CO)O,0.33289441527332886,0
CCCCCCCCCC(=O)O,0.17647114311577897,CCCCCCCCCC(=O)[O-],1.2311014717141886,CCCCCCCCCCN,0.5306282510621704,CCCCCCCCCC[N+](C)(C)C.[Br-],0.5098251234324072,CCCCCCCCCCOS(=O)(=O)[O-].[Na+],0.965080896043587,CCCCCCCCCCO,0.21993842036526123,CCCCCCCCCC(=O)OCC(CO)O,0.3784364357202451,201
CCCCCCCCCC(=O)O,0.2546422183735807,CCCCCCCCCC(=O)[O-],0.04114194333117508,CCCCCCCCCCN,0.2546422183735807,CCCCCCCCCC[N+](C)(C)C.[Br-],0.4054651081081644,CCCCCCCCCCOS(=O)(=O)[O-].[Na+],1.2163953243244932,CCCCCCCCCCO,0.10526051065749285,CCCCCCCCCC(=O)OCC(CO)O,0.2546422183735807,148
CCCCCCCCCC(=O)O,0.7770286645406475,CCCCCCCCCC(=O)[O-],0.05543470688810048,CCCCCCCCCCN,0.7997569156182036,CCCCCCCCCC[N+](C)(C)C.[Br-],0.9458495341156996,CCCCCCCCCCOS(=O)(=O)[O-].[Na+],0.7055697005585024,CCCCCCCCCCO,0.40713038742722546,CCCCCCCCCC(=O)OCC(CO)O,0.2889312918522129,172
CCCCCCCCCC(=O)O,0.7654678421395714,CCCCCCCCCC(=O)[O-],0.5510074133988225,CCCCCCCCCCN,0.7884573603642702,CCCCCCCCCC[N+](C)(C)C.[Br-],0.23507212217948348,CCCCCCCCCCOS(=O)(=O)[O-].[Na+],1.0473189942805592,CCCCCCCCCCO,0.5335651107354801,CCCCCCCCCC(=O)OCC(CO)O,0.09531017980432477,83
CCCCCCCCCC(=O)O,1.0818051703517284,CCCCCCCCCC(=O)[O-],0.6392188385343897,CCCCCCCCCCN,0.6205764877251099,CCCCCCCCCC[N+](C)(C)C.[Br-],0.9062403960206536,CCCCCCCCCCOS(=O)(=O)[O-].[Na+],0.3852624007906449,CCCCCCCCCCO,0.2449050430957224,CCCCCCCCCC(=O)OCC(CO)O,0.09440067542148421,68
CCCCCCCCCC(=O)O,0.005982071677547365,CCCCCCCCCC(=O)[O-],0.8649974374866045,CCCCCCCCCCN,0.4700036292457355,CCCCCCCCCC[N+](C)(C)C.[Br-],0.6729444732424258,CCCCCCCCCCOS(=O)(=O)[O-].[Na+],0.9932517730102832,CCCCCCCCCCO,0.24725062665744282,CCCCCCCCCC(=O)OCC(CO)O,0.0372957847436967,490
CCCCCCCCCC(=O)O,0.5423242908253617,CCCCCCCCCC(=O)[O-],0.9745596399981308,CCCCCCCCCCN,0.5653138090500605,CCCCCCCCCC[N+](C)(C)C.[Br-],0.4285303810391605,CCCCCCCCCCOS(=O)(=O)[O-].[Na+],0.8754687373538999,CCCCCCCCCCO,0.20904462693470804,CCCCCCCCCC(=O)OCC(CO)O,0.2468600779315258,405
CCCCCCCCCC(=O)O,0.494696241836107,CCCCCCCCCC(=O)[O-],0.7178397931503169,CCCCCCCCCCN,1.155307632344655,CCCCCCCCCC[N+](C)(C)C.[Br-],0.6931471805599453,CCCCCCCCCCOS(=O)(=O)[O-].[Na+],0.7178397931503169,CCCCCCCCCCO,0.13714983814723355,CCCCCCCCCC(=O)OCC(CO)O,0.35767444427181583,144
CCCCCCCCCC(=O)O,0.3646431135879092,CCCCCCCCCC(=O)[O-],0.408792898200839,CCCCCCCCCCN,0.3987761199573678,CCCCCCCCCC[N+](C)(C)C.[Br-],0.2468600779315258,CCCCCCCCCCOS(=O)(=O)[O-].[Na+],0.0760346862759976,CCCCCCCCCCO,0.2851789422336624,CCCCCCCCCC(=O)OCC(CO)O,0.6151856390902335,0
CCCCCCCCCC(=O)O,0.3257001396393017,CCCCCCCCCC(=O)[O-],0.3681093215643954,CCCCCCCCCCN,0.4252677354043441,CCCCCCCCCC[N+](C)(C)C.[Br-],0.20701416938432604,CCCCCCCCCCOS(=O)(=O)[O-].[Na+],0.09440067542148421,CCCCCCCCCCO,0.3453611840384589,CCCCCCCCCC(=O)OCC(CO)O,0.5933268452777344,0
CCCCCCCCCC(=O)O,0.30748469974796055,CCCCCCCCCC(=O)[O-],0.40212620684264966,CCCCCCCCCCN,0.4285303810391605,CCCCCCCCCC[N+](C)(C)C.[Br-],0.1947440767925117,CCCCCCCCCCOS(=O)(=O)[O-].[Na+],0.08709470685093368,CCCCCCCCCCO,0.3453611840384589,CCCCCCCCCC(=O)OCC(CO)O,0.6232610530957788,0
CCCCCCCCCC(=O)O,0.30010459245033794,CCCCCCCCCC(=O)[O-],0.3987761199573678,CCCCCCCCCCN,0.4382549309311553,CCCCCCCCCC[N+](C)(C)C.[Br-],0.22713557258374723,CCCCCCCCCCOS(=O)(=O)[O-].[Na+],0.05164323315183836,CCCCCCCCCCO,0.3238934544143528,CCCCCCCCCC(=O)OCC(CO)O,0.6151856390902335,0
CCCCCCCCCC(=O)O,0.30748469974796055,CCCCCCCCCC(=O)[O-],0.40212620684264966,CCCCCCCCCCN,0.408792898200839,CCCCCCCCCC[N+](C)(C)C.[Br-],0.22314355131420965,CCCCCCCCCCOS(=O)(=O)[O-].[Na+],0.10526051065749285,CCCCCCCCCCO,0.3767226392425104,CCCCCCCCCC(=O)OCC(CO)O,0.5709795465857378,0
CCCCCCCCCC(=O)O,0.2700271372130601,CCCCCCCCCC(=O)[O-],0.3886579897917831,CCCCCCCCCCN,0.4317824164255377,CCCCCCCCCC[N+](C)(C)C.[Br-],0.2662030407746566,CCCCCCCCCCOS(=O)(=O)[O-].[Na+],0.07045846364856133,CCCCCCCCCCO,0.31845373111853453,CCCCCCCCCC(=O)OCC(CO)O,0.6418538861723948,0
CCCCCCCCCC(=O)O,0.30010459245033794,CCCCCCCCCC(=O)[O-],0.3435897043900769,CCCCCCCCCCN,0.4855078157817008,CCCCCCCCCC[N+](C)(C)C.[Br-],0.258510695151501,CCCCCCCCCCOS(=O)(=O)[O-].[Na+],0.09075436326846406,CCCCCCCCCCO,0.30748469974796055,CCCCCCCCCC(=O)OCC(CO)O,0.6205764877251099,1
CCCCCCCCCC(=O)O,0.2963940130538024,CCCCCCCCCC(=O)[O-],0.412109650826833,CCCCCCCCCCN,0.40212620684264966,CCCCCCCCCC[N+](C)(C)C.[Br-],0.1947440767925117,CCCCCCCCCCOS(=O)(=O)[O-].[Na+],0.11422114409002276,CCCCCCCCCCO,0.2908021997880246,CCCCCCCCCC(=O)OCC(CO)O,0.6471032420585385,1
CCCCCCCCCC(=O)O,0.30010459245033794,CCCCCCCCCC(=O)[O-],0.3987761199573678,CCCCCCCCCCN,0.5007752879124893,CCCCCCCCCC[N+](C)(C)C.[Br-],0.21107097007994044,CCCCCCCCCCOS(=O)(=O)[O-].[Na+],0.09075436326846406,CCCCCCCCCCO,0.3238934544143528,CCCCCCCCCC(=O)OCC(CO)O,0.5850050219402422,0
CCCCCCCCCC(=O)O,0.3220834991691132,CCCCCCCCCC(=O)[O-],0.3987761199573678,CCCCCCCCCCN,0.4668737362368079,CCCCCCCCCC[N+](C)(C)C.[Br-],0.2429461786103894,CCCCCCCCCCOS(=O)(=O)[O-].[Na+],0.07788653865707114,CCCCCCCCCCO,0.3293037471426004,CCCCCCCCCC(=O)OCC(CO)O,0.5481214085096876,0
CCCCCCCCCC(=O)O,0.3038014543316642,CCCCCCCCCC(=O)[O-],0.35417181372061374,CCCCCCCCCCN,0.4762341789963716,CCCCCCCCCC[N+](C)(C)C.[Br-],0.23507212217948348,CCCCCCCCCCOS(=O)(=O)[O-].[Na+],0.12575120530556025,CCCCCCCCCCO,0.3293037471426004,CCCCCCCCCC(=O)OCC(CO)O,0.5822156198526637,0
CCCCCCCCCC(=O)O,0.3400373027857091,CCCCCCCCCC(=O)[O-],0.4054651081081644,CCCCCCCCCCN,0.4382549309311553,CCCCCCCCCC[N+](C)(C)C.[Br-],0.2468600779315258,CCCCCCCCCCOS(=O)(=O)[O-].[Na+],0.044973365642731064,CCCCCCCCCCO,0.3019547317384995,CCCCCCCCCC(=O)OCC(CO)O,0.5681506903852601,0
CCCCCCCCCC(=O)O,0.2776317365982795,CCCCCCCCCC(=O)[O-],0.4252677354043441,CCCCCCCCCCN,0.40212620684264966,CCCCCCCCCC[N+](C)(C)C.[Br-],0.2151113796169455,CCCCCCCCCCOS(=O)(=O)[O-].[Na+],0.11778303565638337,CCCCCCCCCCO,0.3767226392425104,CCCCCCCCCC(=O)OCC(CO)O,0.5822156198526637,0
CCCCCCCCCC(=O)O,0.2776317365982795,CCCCCCCCCC(=O)[O-],0.43502391034970883,CCCCCCCCCCN,0.418710334858185,CCCCCCCCCC[N+](C)(C)C.[Br-],0.1988508587451652,CCCCCCCCCCOS(=O)(=O)[O-].[Na+],0.1239859797809912,CCCCCCCCCCO,0.3663777194001176,CCCCCCCCCC(=O)OCC(CO)O,0.5850050219402422,0
CCCCCCCCCC(=O)O,0.3471295310952009,CCCCCCCCCC(=O)[O-],0.3784364357202451,CCCCCCCCCCN,0.3987761199573678,CCCCCCCCCC[N+](C)(C)C.[Br-],0.1947440767925117,CCCCCCCCCCOS(=O)(=O)[O-].[Na+],0.10885440491208198,CCCCCCCCCCO,0.37156355643248296,CCCCCCCCCC(=O)OCC(CO)O,0.5905605917848443,0
CCCCCCCCCC(=O)O,0.3257001396393017,CCCCCCCCCC(=O)[O-],0.35417181372061374,CCCCCCCCCCN,0.4382549309311553,CCCCCCCCCC[N+](C)(C)C.[Br-],0.21107097007994044,CCCCCCCCCCOS(=O)(=O)[O-].[Na+],0.07045846364856133,CCCCCCCCCCO,0.3453611840384589,CCCCCCCCCC(=O)OCC(CO)O,0.6444820085786643,0
CCCCCCCCCC(=O)O,0.30010459245033794,CCCCCCCCCC(=O)[O-],0.37156355643248296,CCCCCCCCCCN,0.4574248470388754,CCCCCCCCCC[N+](C)(C)C.[Br-],0.2029408439966902,CCCCCCCCCCOS(=O)(=O)[O-].[Na+],0.06485097231961623,CCCCCCCCCCO,0.30748469974796055,CCCCCCCCCC(=O)OCC(CO)O,0.5850050219402422,0
CCCCCCCCCC(=O)O,0.31115442863692294,CCCCCCCCCC(=O)[O-],0.35767444427181583,CCCCCCCCCCN,0.43502391034970883,CCCCCCCCCC[N+](C)(C)C.[Br-],0.20701416938432604,CCCCCCCCCCOS(=O)(=O)[O-].[Na+],0.1327811112338184,CCCCCCCCCCO,0.26236426446749095,CCCCCCCCCC(=O)OCC(CO)O,0.6151856390902335,0
CCCCCCCCCC(=O)O,0.3681093215643954,CCCCCCCCCC(=O)[O-],0.4054651081081644,CCCCCCCCCCN,0.4252677354043441,CCCCCCCCCC[N+](C)(C)C.[Br-],0.2029408439966902,CCCCCCCCCCOS(=O)(=O)[O-].[Na+],0.09893994785490348,CCCCCCCCCCO,0.261209752120666,CCCCCCCCCC(=O)OCC(CO)O,0.6124792774924905,0
CCCCCCCCCC(=O)O,0.35417181372061374,CCCCCCCCCC(=O)[O-],0.4285303810391605,CCCCCCCCCCN,0.35417181372061374,CCCCCCCCCC[N+](C)(C)C.[Br-],0.21107097007994044,CCCCCCCCCCOS(=O)(=O)[O-].[Na+],0.13365638481267342,CCCCCCCCCCO,0.3238934544143528,CCCCCCCCCC(=O)OCC(CO)O,0.6124792774924905,0
CCCCCCCCCC(=O)O,0.2700271372130601,CCCCCCCCCC(=O)[O-],0.418710334858185,CCCCCCCCCCN,0.4510756193602167,CCCCCCCCCC[N+](C)(C)C.[Br-],0.2151113796169455,CCCCCCCCCCOS(=O)(=O)[O-].[Na+],0.1292723357041391,CCCCCCCCCCO,0.3611648492115844,CCCCCCCCCC(=O)OCC(CO)O,0.5624688569178291,0
CCCCCCCCCC(=O)O,0.3293037471426004,CCCCCCCCCC(=O)[O-],0.37156355643248296,CCCCCCCCCCN,0.43502391034970883,CCCCCCCCCC[N+](C)(C)C.[Br-],0.2546422183735807,CCCCCCCCCCOS(=O)(=O)[O-].[Na+],0.07696104113612824,CCCCCCCCCCO,0.23901690047049984,CCCCCCCCCC(=O)OCC(CO)O,0.6678293725756554,0
CCCCCCCCCC(=O)O,0.3611648492115844,CCCCCCCCCC(=O)[O-],0.408792898200839,CCCCCCCCCCN,0.3784364357202451,CCCCCCCCCC[N+](C)(C)C.[Br-],0.23507212217948348,CCCCCCCCCCOS(=O)(=O)[O-].[Na+],0.1034587083682299,CCCCCCCCCCO,0.25192535273966166,CCCCCCCCCC(=O)OCC(CO)O,0.5933268452777344,0
CCCCCCCCCC(=O)O,0.23901690047049984,CCCCCCCCCC(=O)[O-],0.3987761199573678,CCCCCCCCCCN,0.4637340162321401,CCCCCCCCCC[N+](C)(C)C.[Br-],0.2507587183471831,CCCCCCCCCCOS(=O)(=O)[O-].[Na+],0.10526051065749285,CCCCCCCCCCO,0.2963940130538024,CCCCCCCCCC(=O)OCC(CO)O,0.5905605917848443,0
CCCCCCCCCC(=O)O,0.013902905168991224,CCCCCCCCCC(=O)[O-],0.006975613736425044,CCCCCCCCCCN,0.05732506661926931,CCCCCCCCCC[N+](C)(C)C.[Br-],0.8544153281560676,CCCCCCCCCCOS(=O)(=O)[O-].[Na+],0.9262410627273231,CCCCCCCCCCO,0.013409686909917576,CCCCCCCCCC(=O)OCC(CO)O,0.019802627296179615,6
CCCCCCCCCC(=O)O,0.002995508979798379,CCCCCCCCCC(=O)[O-],0.015873349156290052,CCCCCCCCCCN,0.03825871211709025,CCCCCCCCCC[N+](C)(C)C.[Br-],0.7178397931503169,CCCCCCCCCCOS(=O)(=O)[O-].[Na+],1.01160091167848,CCCCCCCCCCO,0.0568528115927827,CCCCCCCCCC(=O)OCC(CO)O,0.0246926125903715,0
CCCCCCCCCC(=O)O,0.10616019582839045,CCCCCCCCCC(=O)[O-],0.008959741371471805,CCCCCCCCCCN,0.06765864847381471,CCCCCCCCCC[N+](C)(C)C.[Br-],0.7178397931503169,CCCCCCCCCCOS(=O)(=O)[O-].[Na+],0.9932517730102832,CCCCCCCCCCO,0.011928570865273703,CCCCCCCCCC(=O)OCC(CO)O,0.025667746748577695,17
CCCCCCCCCC(=O)O,0.0246926125903715,CCCCCCCCCC(=O)[O-],0.08157998699242278,CCCCCCCCCCN,0.013902905168991224,CCCCCCCCCC[N+](C)(C)C.[Br-],0.6575200029167942,CCCCCCCCCCOS(=O)(=O)[O-].[Na+],1.0473189942805592,CCCCCCCCCCO,0.023716526617315943,CCCCCCCCCC(=O)OCC(CO)O,0.04688358589885032,1
CCCCCCCCCC(=O)O,0.10074990310014297,CCCCCCCCCC(=O)[O-],0.050693114315518026,CCCCCCCCCCN,0.0009995003330834334,CCCCCCCCCC[N+](C)(C)C.[Br-],0.7178397931503169,CCCCCCCCCCOS(=O)(=O)[O-].[Na+],0.9839493803479701,CCCCCCCCCCO,0.07927318089450777,CCCCCCCCCC(=O)OCC(CO)O,0.0168571170664229,0
CCCCCCCCCC(=O)O,0.04592893188839971,CCCCCCCCCC(=O)[O-],0.006975613736425044,CCCCCCCCCCN,0.05921185963184599,CCCCCCCCCC[N+](C)(C)C.[Br-],0.8109302162163288,CCCCCCCCCCOS(=O)(=O)[O-].[Na+],0.9262410627273231,CCCCCCCCCCO,0.04545126290391728,CCCCCCCCCC(=O)OCC(CO)O,0.05259245011917049,14
CCCCCCCCCC(=O)O,0.04305948946044688,CCCCCCCCCC(=O)[O-],0.017839918128331,CCCCCCCCCCN,0.11422114409002276,CCCCCCCCCC[N+](C)(C)C.[Br-],0.5822156198526637,CCCCCCCCCCOS(=O)(=O)[O-].[Na+],1.0732944806838198,CCCCCCCCCCO,0.02225060893481966,CCCCCCCCCC(=O)OCC(CO)O,0.07045846364856133,9
CCCCCCCCCC(=O)O,0.018821754240587664,CCCCCCCCCC(=O)[O-],0.02858745685191236,CCCCCCCCCCN,0.06765864847381471,CCCCCCCCCC[N+](C)(C)C.[Br-],0.6549259677397475,CCCCCCCCCCOS(=O)(=O)[O-].[Na+],1.0385083645984043,CCCCCCCCCCO,0.0014988761237357921,CCCCCCCCCC(=O)OCC(CO)O,0.09531017980432477,10
CCCCCCCCCC(=O)O,0.06672363204290807,CCCCCCCCCC(=O)[O-],0.011928570865273703,CCCCCCCCCCN,0.023716526617315943,CCCCCCCCCC[N+](C)(C)C.[Br-],0.8219800524029137,CCCCCCCCCCOS(=O)(=O)[O-].[Na+],0.9062403960206536,CCCCCCCCCCO,0.09848694671465394,CCCCCCCCCC(=O)OCC(CO)O,0.007968169649176774,36
CCCCCCCCCC(=O)O,0.11511280710050448,CCCCCCCCCC(=O)[O-],0.07325046173959258,CCCCCCCCCCN,0.09893994785490348,CCCCCCCCCC[N+](C)(C)C.[Br-],0.7178397931503169,CCCCCCCCCCOS(=O)(=O)[O-].[Na+],0.9555114450274363,CCCCCCCCCCO,0.016365354086264175,CCCCCCCCCC(=O)OCC(CO)O,0.001998002662672956,0
CCCCCCCCCC(=O)O,0.0168571170664229,CCCCCCCCCC(=O)[O-],0.06859279146561162,CCCCCCCCCCN,0.06297479916138835,CCCCCCCCCC[N+](C)(C)C.[Br-],0.6124792774924905,CCCCCCCCCCOS(=O)(=O)[O-].[Na+],1.0560526742493137,CCCCCCCCCCO,0.07371503782228057,CCCCCCCCCC(=O)OCC(CO)O,0.0372957847436967,39
CCCCCCCCCC(=O)O,0.015873349156290052,CCCCCCCCCC(=O)[O-],0.0039920212695373535,CCCCCCCCCCN,0.22713557258374723,CCCCCCCCCC[N+](C)(C)C.[Br-],0.49774038421733513,CCCCCCCCCCOS(=O)(=O)[O-].[Na+],1.0986122886681098,CCCCCCCCCCO,0.06250520535139692,CCCCCCCCCC(=O)OCC(CO)O,0.005982071677547365,4
CCCCCCCCCC(=O)O,0.07045846364856133,CCCCCCCCCC(=O)[O-],0.02664193094642108,CCCCCCCCCCN,0.050693114315518026,CCCCCCCCCC[N+](C)(C)C.[Br-],0.6601073264817452,CCCCCCCCCCOS(=O)(=O)[O-].[Na+],1.01160091167848,CCCCCCCCCCO,0.007472014838700896,CCCCCCCCCC(=O)OCC(CO)O,0.02761516703297317,2
CCCCCCCCCC(=O)O,0.019802627296179615,CCCCCCCCCC(=O)[O-],0.004987541511038975,CCCCCCCCCCN,0.08892620919440142,CCCCCCCCCC[N+](C)(C)C.[Br-],0.6780335427498971,CCCCCCCCCCOS(=O)(=O)[O-].[Na+],0.9932517730102832,CCCCCCCCCCO,0.07371503782228057,CCCCCCCCCC(=O)OCC(CO)O,0.049742091894813975,2
CCCCCCCCCC(=O)O,0.001998002662672956,CCCCCCCCCC(=O)[O-],0.006975613736425044,CCCCCCCCCCN,0.1814878760453771,CCCCCCCCCC[N+](C)(C)C.[Br-],0.6523251860396903,CCCCCCCCCCOS(=O)(=O)[O-].[Na+],0.9932517730102832,CCCCCCCCCCO,0.041141943331174984,CCCCCCCCCC(=O)OCC(CO)O,0.022739486969489332,18
CCCCCCCCCC(=O)O,0.0639133257436528,CCCCCCCCCC(=O)[O-],0.002995508979798379,CCCCCCCCCCN,0.05164323315183836,CCCCCCCCCC[N+](C)(C)C.[Br-],0.5247285289349821,CCCCCCCCCCOS(=O)(=O)[O-].[Na+],1.1151415906193205,CCCCCCCCCCO,0.013409686909917576,CCCCCCCCCC(=O)OCC(CO)O,0.02664193094642108,2
CCCCCCCCCC(=O)O,0.04688358589885032,CCCCCCCCCC(=O)[O-],0.010939940038334265,CCCCCCCCCCN,0.16805358499624964,CCCCCCCCCC[N+](C)(C)C.[Br-],0.7654678421395714,CCCCCCCCCCOS(=O)(=O)[O-].[Na+],0.9162907318741552,CCCCCCCCCCO,0.051168286574399334,CCCCCCCCCC(=O)OCC(CO)O,0.0039920212695373535,30
CCCCCCCCCC(=O)O,0.0925791812930931,CCCCCCCCCC(=O)[O-],0.04879016416943191,CCCCCCCCCCN,0.10165365372649973,CCCCCCCCCC[N+](C)(C)C.[Br-],0.5709795465857378,CCCCCCCCCCOS(=O)(=O)[O-].[Na+],1.0647107369924282,CCCCCCCCCCO,0.020782539182528308,CCCCCCCCCC(=O)OCC(CO)O,0.03246719013750139,3
CCCCCCCCCC(=O)O,0.013902905168991224,CCCCCCCCCC(=O)[O-],0.047837329414160024,CCCCCCCCCCN,0.07788653865707114,CCCCCCCCCC[N+](C)(C)C.[Br-],0.8754687373538999,CCCCCCCCCCOS(=O)(=O)[O-].[Na+],0.8544153281560676,CCCCCCCCCCO,0.017839918128331,CCCCCCCCCC(=O)OCC(CO)O,0.06672363204290807,5
CCCCCCCCCC(=O)O,0.11243542932978809,CCCCCCCCCC(=O)[O-],0.10795714150509218,CCCCCCCCCCN,0.009950330853167983,CCCCCCCCCC[N+](C)(C)C.[Br-],0.6392188385343897,CCCCCCCCCCOS(=O)(=O)[O-].[Na+],1.020650747198398,CCCCCCCCCCO,0.0,CCCCCCCCCC(=O)OCC(CO)O,0.007968169649176774,0
CCCCCCCCCC(=O)O,0.019802627296179615,CCCCCCCCCC(=O)[O-],0.006975613736425044,CCCCCCCCCCN,0.06485097231961623,CCCCCCCCCC[N+](C)(C)C.[Br-],0.9162907318741552,CCCCCCCCCCOS(=O)(=O)[O-].[Na+],0.8219800524029137,CCCCCCCCCCO,0.03391821820346048,CCCCCCCCCC(=O)OCC(CO)O,0.04592893188839971,59
CCCCCCCCCC(=O)O,0.13714983814723355,CCCCCCCCCC(=O)[O-],0.07696104113612824,CCCCCCCCCCN,0.04305948946044688,CCCCCCCCCC[N+](C)(C)C.[Br-],0.5481214085096876,CCCCCCCCCCOS(=O)(=O)[O-].[Na+],1.0902440389975931,CCCCCCCCCCO,0.013409686909917576,CCCCCCCCCC(=O)OCC(CO)O,0.018821754240587664,2
CCCCCCCCCC(=O)O,0.013902905168991224,CCCCCCCCCC(=O)[O-],0.02858745685191236,CCCCCCCCCCN,0.0925791812930931,CCCCCCCCCC[N+](C)(C)C.[Br-],0.6931471805599453,CCCCCCCCCCOS(=O)(=O)[O-].[Na+],0.9745596399981308,CCCCCCCCCCO,0.049742091894813975,CCCCCCCCCC(=O)OCC(CO)O,0.036331929247390184,15
CCCCCCCCCC(=O)O,0.08065790301745437,CCCCCCCCCC(=O)[O-],0.014888612493750557,CCCCCCCCCCN,0.03343477608623729,CCCCCCCCCC[N+](C)(C)C.[Br-],0.4700036292457355,CCCCCCCCCCOS(=O)(=O)[O-].[Na+],1.155307632344655,CCCCCCCCCCO,0.0014988761237357921,CCCCCCCCCC(=O)OCC(CO)O,0.0039920212695373535,8
