filename,num_vesicles,area_vesicles,area_percent
WellF10_PointF10_0003_ChannelNile Red_Seq0291.ome.tiff,61,152190.5291123405,0.14514019881471682
WellD15_PointD15_0003_ChannelNile Red_Seq0111.ome.tiff,3,4990.419930227386,0.004759235315539729
WellE17_PointE17_0002_ChannelNile Red_Seq0218.ome.tiff,117,167293.7357944735,0.1595437391228423
WellE14_PointE14_0002_ChannelNile Red_Seq0206.ome.tiff,1,346.3605900582747,0.0003303151989538905
WellC08_PointC08_0001_ChannelNile Red_Seq0021.ome.tiff,0,0.0,0.0
WellC21_PointC21_0003_ChannelNile Red_Seq0075.ome.tiff,0,0.0,0.0
WellD13_PointD13_0001_ChannelNile Red_Seq0117.ome.tiff,0,0.0,0.0
WellC21_PointC21_0000_ChannelNile Red_Seq0072.ome.tiff,0,0.0,0.0
WellC03_PointC03_0000_ChannelNile Red_Seq0000.ome.tiff,0,0.0,0.0
WellE19_PointE19_0002_ChannelNile Red_Seq0226.ome.tiff,92,56419.0770676557,0.053805424754768086
WellD06_PointD06_0000_ChannelNile Red_Seq0144.ome.tiff,71,136512.41097460067,0.13018838021717136
WellG04_PointG04_0001_ChannelNile Red_Seq0325.ome.tiff,0,0.0,0.0
WellF05_PointF05_0002_ChannelNile Red_Seq0310.ome.tiff,2,629.8893270447535,0.0006007092733809981
WellF20_PointF20_0001_ChannelNile Red_Seq0249.ome.tiff,0,0.0,0.0
WellC16_PointC16_0001_ChannelNile Red_Seq0053.ome.tiff,1,346.3605900582747,0.0003303151989538905
WellD10_PointD10_0002_ChannelNile Red_Seq0130.ome.tiff,4,1881.8139995002862,0.0017946376795771467
WellC20_PointC20_0001_ChannelNile Red_Seq0069.ome.tiff,0,0.0,0.0
WellD20_PointD20_0003_ChannelNile Red_Seq0091.ome.tiff,0,0.0,0.0
WellF03_PointF03_0000_ChannelNile Red_Seq0316.ome.tiff,0,0.0,0.0
WellG12_PointG12_0000_ChannelNile Red_Seq0356.ome.tiff,6,4516.039439535328,0.004306830825362518
WellC16_PointC16_0002_ChannelNile Red_Seq0054.ome.tiff,12,11666.304319105697,0.011125854796510407
WellE07_PointE07_0000_ChannelNile Red_Seq0176.ome.tiff,7,17335.30826250848,0.01653223825693939
WellE17_PointE17_0000_ChannelNile Red_Seq0216.ome.tiff,41,39555.79310134908,0.037723343945836145
WellF17_PointF17_0001_ChannelNile Red_Seq0261.ome.tiff,0,0.0,0.0
WellC05_PointC05_0000_ChannelNile Red_Seq0008.ome.tiff,12,8617.388648796803,0.00821818222884827
WellF22_PointF22_0002_ChannelNile Red_Seq0242.ome.tiff,0,0.0,0.0
WellD16_PointD16_0002_ChannelNile Red_Seq0106.ome.tiff,0,0.0,0.0
WellG05_PointG05_0002_ChannelNile Red_Seq0330.ome.tiff,14,43336.6998599444,0.041329097614235304
WellD13_PointD13_0003_ChannelNile Red_Seq0119.ome.tiff,1,10751.31545874767,0.010253253420589132
WellD21_PointD21_0000_ChannelNile Red_Seq0084.ome.tiff,0,0.0,0.0
WellE08_PointE08_0000_ChannelNile Red_Seq0180.ome.tiff,1,2551.7586328783095,0.002433546669843969
WellD11_PointD11_0001_ChannelNile Red_Seq0125.ome.tiff,17,51135.703622481065,0.04876680719612223
WellC13_PointC13_0002_ChannelNile Red_Seq0042.ome.tiff,80,145300.23102485473,0.13856909849629853
WellE20_PointE20_0002_ChannelNile Red_Seq0230.ome.tiff,87,30906.98852601638,0.029475201154724483
WellF06_PointF06_0003_ChannelNile Red_Seq0307.ome.tiff,0,0.0,0.0
WellE04_PointE04_0002_ChannelNile Red_Seq0166.ome.tiff,47,94743.36584879758,0.09035431465987928
WellF11_PointF11_0000_ChannelNile Red_Seq0284.ome.tiff,106,171044.0120246963,0.16312028124303465
WellE07_PointE07_0002_ChannelNile Red_Seq0178.ome.tiff,2,7178.539213452677,0.006845988477184942
WellG09_PointG09_0000_ChannelNile Red_Seq0344.ome.tiff,51,90071.81757290955,0.08589917905131297
WellF03_PointF03_0002_ChannelNile Red_Seq0318.ome.tiff,0,0.0,0.0
WellC18_PointC18_0003_ChannelNile Red_Seq0063.ome.tiff,0,0.0,0.0
WellG12_PointG12_0002_ChannelNile Red_Seq0358.ome.tiff,5,4768.152249985909,0.004547264337526235
WellF21_PointF21_0000_ChannelNile Red_Seq0244.ome.tiff,0,0.0,0.0
WellF07_PointF07_0003_ChannelNile Red_Seq0303.ome.tiff,0,0.0,0.0
WellG05_PointG05_0000_ChannelNile Red_Seq0328.ome.tiff,9,18394.81038493164,0.01754265821927227
WellG08_PointG08_0000_ChannelNile Red_Seq0340.ome.tiff,52,99331.66191936548,0.0947300547784476
WellE21_PointE21_0001_ChannelNile Red_Seq0233.ome.tiff,0,0.0,0.0
WellE03_PointE03_0003_ChannelNile Red_Seq0163.ome.tiff,40,91420.34621946298,0.08718523618646906
WellC19_PointC19_0003_ChannelNile Red_Seq0067.ome.tiff,0,0.0,0.0
WellD22_PointD22_0002_ChannelNile Red_Seq0082.ome.tiff,4,11779.401654634928,0.011233712820658616
WellD12_PointD12_0003_ChannelNile Red_Seq0123.ome.tiff,2,1245.641487148353,0.0011879362937434702
WellC05_PointC05_0002_ChannelNile Red_Seq0010.ome.tiff,10,7859.479421118265,0.007495383664243951
WellE21_PointE21_0002_ChannelNile Red_Seq0234.ome.tiff,0,0.0,0.0
WellC14_PointC14_0003_ChannelNile Red_Seq0047.ome.tiff,77,125828.63975790518,0.11999954200544852
WellC17_PointC17_0003_ChannelNile Red_Seq0059.ome.tiff,0,0.0,0.0
WellF12_PointF12_0002_ChannelNile Red_Seq0282.ome.tiff,0,0.0,0.0
WellD17_PointD17_0002_ChannelNile Red_Seq0102.ome.tiff,0,0.0,0.0
WellE12_PointE12_0002_ChannelNile Red_Seq0198.ome.tiff,21,13149.921449763478,0.01254074234939907
WellE09_PointE09_0000_ChannelNile Red_Seq0184.ome.tiff,4,3830.3868428893547,0.0036529415539639995
WellE16_PointE16_0003_ChannelNile Red_Seq0215.ome.tiff,34,73389.96058234778,0.06999012048945215
WellE16_PointE16_0000_ChannelNile Red_Seq0212.ome.tiff,41,34442.8510576317,0.032847262437469195
WellF16_PointF16_0001_ChannelNile Red_Seq0265.ome.tiff,0,0.0,0.0
WellE20_PointE20_0000_ChannelNile Red_Seq0228.ome.tiff,165,106204.68124725655,0.10128467678762107
WellC12_PointC12_0001_ChannelNile Red_Seq0037.ome.tiff,45,144526.61383390825,0.13783131965056253
WellE06_PointE06_0000_ChannelNile Red_Seq0172.ome.tiff,62,218731.8177098625,0.2085989167307496
WellF04_PointF04_0001_ChannelNile Red_Seq0313.ome.tiff,0,0.0,0.0
WellD07_PointD07_0000_ChannelNile Red_Seq0140.ome.tiff,0,0.0,0.0
WellF04_PointF04_0002_ChannelNile Red_Seq0314.ome.tiff,0,0.0,0.0
WellD15_PointD15_0001_ChannelNile Red_Seq0109.ome.tiff,1,5026.548245743669,0.004793689962142629
WellE06_PointE06_0003_ChannelNile Red_Seq0175.ome.tiff,83,287364.621616512,0.2740522590794678
WellF10_PointF10_0001_ChannelNile Red_Seq0289.ome.tiff,74,150262.3766211998,0.1433013693058012
WellC17_PointC17_0001_ChannelNile Red_Seq0057.ome.tiff,0,0.0,0.0
WellG03_PointG03_0000_ChannelNile Red_Seq0320.ome.tiff,0,0.0,0.0
WellD14_PointD14_0000_ChannelNile Red_Seq0112.ome.tiff,0,0.0,0.0
WellE18_PointE18_0002_ChannelNile Red_Seq0222.ome.tiff,183,130486.83626501547,0.1244419443750529
WellC04_PointC04_0001_ChannelNile Red_Seq0005.ome.tiff,3,7026.171969753573,0.0067006797502074935
WellE12_PointE12_0000_ChannelNile Red_Seq0196.ome.tiff,82,54890.692241684264,0.05234784340065409
WellC12_PointC12_0003_ChannelNile Red_Seq0039.ome.tiff,42,41797.31945968541,0.03986103006332913
WellE13_PointE13_0003_ChannelNile Red_Seq0203.ome.tiff,0,0.0,0.0
WellF20_PointF20_0003_ChannelNile Red_Seq0251.ome.tiff,0,0.0,0.0
WellD14_PointD14_0003_ChannelNile Red_Seq0115.ome.tiff,0,0.0,0.0
WellF05_PointF05_0000_ChannelNile Red_Seq0308.ome.tiff,0,0.0,0.0
WellD10_PointD10_0000_ChannelNile Red_Seq0128.ome.tiff,1,226.98006922186255,0.00021646506235300307
WellC09_PointC09_0001_ChannelNile Red_Seq0025.ome.tiff,0,0.0,0.0
WellD20_PointD20_0001_ChannelNile Red_Seq0089.ome.tiff,0,0.0,0.0
WellC20_PointC20_0003_ChannelNile Red_Seq0071.ome.tiff,0,0.0,0.0
WellC14_PointC14_0001_ChannelNile Red_Seq0045.ome.tiff,217,75824.69488887984,0.07231206406486496
WellG06_PointG06_0001_ChannelNile Red_Seq0333.ome.tiff,13,13734.25768333118,0.01309800880749815
WellD04_PointD04_0000_ChannelNile Red_Seq0152.ome.tiff,28,104041.69470525999,0.09922189207578658
WellD12_PointD12_0001_ChannelNile Red_Seq0121.ome.tiff,2,2060.8847807549046,0.001965412884478478
WellE03_PointE03_0001_ChannelNile Red_Seq0161.ome.tiff,30,52968.82293585071,0.05051500600419112
WellD22_PointD22_0000_ChannelNile Red_Seq0080.ome.tiff,5,10408.096461342984,0.00992593427786158
WellC19_PointC19_0001_ChannelNile Red_Seq0065.ome.tiff,0,0.0,0.0
WellC22_PointC22_0002_ChannelNile Red_Seq0078.ome.tiff,0,0.0,0.0
WellC10_PointC10_0002_ChannelNile Red_Seq0030.ome.tiff,6,10156.769049055802,0.00968624977975445
WellG08_PointG08_0002_ChannelNile Red_Seq0342.ome.tiff,38,86031.7294203931,0.08204625074424085
WellD04_PointD04_0003_ChannelNile Red_Seq0155.ome.tiff,33,143785.19796766102,0.13712425038114645
WellG06_PointG06_0002_ChannelNile Red_Seq0334.ome.tiff,11,12362.167091875837,0.011789481250644529
WellF07_PointF07_0001_ChannelNile Red_Seq0301.ome.tiff,0,0.0,0.0
WellF21_PointF21_0002_ChannelNile Red_Seq0246.ome.tiff,0,0.0,0.0
WellF13_PointF13_0002_ChannelNile Red_Seq0278.ome.tiff,20,28217.78521454352,0.02691057702497818
WellF16_PointF16_0003_ChannelNile Red_Seq0267.ome.tiff,0,0.0,0.0
WellE15_PointE15_0001_ChannelNile Red_Seq0209.ome.tiff,5,16204.334907216153,0.015453658015457299
WellE09_PointE09_0002_ChannelNile Red_Seq0186.ome.tiff,6,1537.8096039322036,0.0014665695227930103
WellD05_PointD05_0001_ChannelNile Red_Seq0149.ome.tiff,65,133593.08600125238,0.12740429496884573
WellC07_PointC07_0001_ChannelNile Red_Seq0017.ome.tiff,8,3443.970946497811,0.0032844266381242856
WellF12_PointF12_0000_ChannelNile Red_Seq0280.ome.tiff,0,0.0,0.0
WellF18_PointF18_0003_ChannelNile Red_Seq0259.ome.tiff,0,0.0,0.0
WellD17_PointD17_0000_ChannelNile Red_Seq0100.ome.tiff,0,0.0,0.0
WellD19_PointD19_0002_ChannelNile Red_Seq0094.ome.tiff,0,0.0,0.0
WellG10_PointG10_0001_ChannelNile Red_Seq0349.ome.tiff,98,165543.08328826053,0.15787418679071477
WellG03_PointG03_0002_ChannelNile Red_Seq0322.ome.tiff,0,0.0,0.0
WellE05_PointE05_0001_ChannelNile Red_Seq0169.ome.tiff,60,148472.45420681697,0.14159436627084443
WellD09_PointD09_0002_ChannelNile Red_Seq0134.ome.tiff,0,0.0,0.0
WellE10_PointE10_0003_ChannelNile Red_Seq0191.ome.tiff,23,7696.902001294992,0.007340337754530899
WellD07_PointD07_0002_ChannelNile Red_Seq0142.ome.tiff,0,0.0,0.0
WellD09_PointD09_0001_ChannelNile Red_Seq0133.ome.tiff,1,1134.1149479459152,0.0010815762977084305
WellD19_PointD19_0001_ChannelNile Red_Seq0093.ome.tiff,0,0.0,0.0
WellC22_PointC22_0000_ChannelNile Red_Seq0076.ome.tiff,0,0.0,0.0
WellF09_PointF09_0003_ChannelNile Red_Seq0295.ome.tiff,40,86158.17852470008,0.082166842007351
WellG11_PointG11_0003_ChannelNile Red_Seq0355.ome.tiff,53,251420.08927046432,0.2397728817658084
WellC09_PointC09_0003_ChannelNile Red_Seq0027.ome.tiff,0,0.0,0.0
WellF13_PointF13_0000_ChannelNile Red_Seq0276.ome.tiff,13,10727.753513845748,0.01023078299889159
WellE13_PointE13_0001_ChannelNile Red_Seq0201.ome.tiff,3,10868.339785093889,0.010364856515020265
WellC04_PointC04_0003_ChannelNile Red_Seq0007.ome.tiff,9,6277.687520035804,0.005986869354282192
WellE18_PointE18_0000_ChannelNile Red_Seq0220.ome.tiff,127,95962.3037983904,0.09151678447569886
WellC07_PointC07_0003_ChannelNile Red_Seq0019.ome.tiff,70,40766.87706930794,0.03887832362108988
WellC15_PointC15_0002_ChannelNile Red_Seq0050.ome.tiff,90,79779.96003974939,0.07608409885382594
WellF18_PointF18_0001_ChannelNile Red_Seq0257.ome.tiff,2,4417.864669110646,0.004213204068289419
WellG11_PointG11_0000_ChannelNile Red_Seq0352.ome.tiff,88,251120.06717204652,0.23948675839619304
WellF09_PointF09_0000_ChannelNile Red_Seq0292.ome.tiff,35,99799.75922475036,0.09517646715617215
WellF15_PointF15_0002_ChannelNile Red_Seq0270.ome.tiff,0,0.0,0.0
WellE19_PointE19_0000_ChannelNile Red_Seq0224.ome.tiff,64,27030.263191486578,0.025778067771421984
WellE22_PointE22_0003_ChannelNile Red_Seq0239.ome.tiff,0,0.0,0.0
WellF19_PointF19_0001_ChannelNile Red_Seq0253.ome.tiff,2,6537.6543121203595,0.006234793007011756
WellC03_PointC03_0002_ChannelNile Red_Seq0002.ome.tiff,0,0.0,0.0
WellF14_PointF14_0002_ChannelNile Red_Seq0274.ome.tiff,0,0.0,0.0
WellF08_PointF08_0000_ChannelNile Red_Seq0296.ome.tiff,1,6361.725123519331,0.006067013858336764
WellF14_PointF14_0001_ChannelNile Red_Seq0273.ome.tiff,0,0.0,0.0
WellC08_PointC08_0003_ChannelNile Red_Seq0023.ome.tiff,2,2415.884750610551,0.0023039672380548008
WellE14_PointE14_0000_ChannelNile Red_Seq0204.ome.tiff,0,0.0,0.0
WellG10_PointG10_0003_ChannelNile Red_Seq0351.ome.tiff,115,204624.49589891758,0.19514512624637373
WellE05_PointE05_0003_ChannelNile Red_Seq0171.ome.tiff,81,205175.8454096226,0.19567093411409625
WellF19_PointF19_0002_ChannelNile Red_Seq0254.ome.tiff,2,2309.8559985518955,0.002202850340415855
WellE10_PointE10_0001_ChannelNile Red_Seq0189.ome.tiff,4,1027.3007977238624,0.0009797103860128998
WellD08_PointD08_0001_ChannelNile Red_Seq0137.ome.tiff,18,16822.443261809945,0.016043132077989526
WellE11_PointE11_0000_ChannelNile Red_Seq0192.ome.tiff,8,4959.004003691488,0.004729274753276337
WellC15_PointC15_0000_ChannelNile Red_Seq0048.ome.tiff,414,156409.6880461116,0.1491639023266903
WellF15_PointF15_0000_ChannelNile Red_Seq0268.ome.tiff,0,0.0,0.0
WellD18_PointD18_0001_ChannelNile Red_Seq0097.ome.tiff,0,0.0,0.0
WellD03_PointD03_0003_ChannelNile Red_Seq0159.ome.tiff,0,0.0,0.0
WellE11_PointE11_0003_ChannelNile Red_Seq0195.ome.tiff,22,8566.337768175968,0.008169496315170258
WellG07_PointG07_0003_ChannelNile Red_Seq0339.ome.tiff,19,40961.655813830526,0.03906407910712292
WellD06_PointD06_0002_ChannelNile Red_Seq0146.ome.tiff,64,133911.17225742835,0.12770764566176257
WellG04_PointG04_0003_ChannelNile Red_Seq0327.ome.tiff,0,0.0,0.0
WellD11_PointD11_0003_ChannelNile Red_Seq0127.ome.tiff,4,4106.061598241859,0.00391584548782526
WellE08_PointE08_0002_ChannelNile Red_Seq0182.ome.tiff,2,1493.0419086185493,0.0014238757215676778
WellF08_PointF08_0002_ChannelNile Red_Seq0298.ome.tiff,0,0.0,0.0
WellD21_PointD21_0002_ChannelNile Red_Seq0086.ome.tiff,0,0.0,0.0
WellE22_PointE22_0001_ChannelNile Red_Seq0237.ome.tiff,0,0.0,0.0
WellC10_PointC10_0000_ChannelNile Red_Seq0028.ome.tiff,3,3770.696582471149,0.0035960164856635563
WellC06_PointC06_0001_ChannelNile Red_Seq0013.ome.tiff,3,2055.3869936111223,0.0019601697860823844
WellF22_PointF22_0000_ChannelNile Red_Seq0240.ome.tiff,0,0.0,0.0
WellD16_PointD16_0000_ChannelNile Red_Seq0104.ome.tiff,0,0.0,0.0
WellC06_PointC06_0002_ChannelNile Red_Seq0014.ome.tiff,2,3220.1324699295383,0.003070957631997622
WellF17_PointF17_0003_ChannelNile Red_Seq0263.ome.tiff,0,0.0,0.0
WellE15_PointE15_0003_ChannelNile Red_Seq0211.ome.tiff,17,22119.953873925733,0.021095231889653905
WellC18_PointC18_0001_ChannelNile Red_Seq0061.ome.tiff,0,0.0,0.0
WellD18_PointD18_0003_ChannelNile Red_Seq0099.ome.tiff,0,0.0,0.0
WellG09_PointG09_0002_ChannelNile Red_Seq0346.ome.tiff,58,90822.65821711751,0.08661523648940803
WellC11_PointC11_0002_ChannelNile Red_Seq0034.ome.tiff,40,113357.30232131711,0.10810594780093871
WellD08_PointD08_0003_ChannelNile Red_Seq0139.ome.tiff,6,7897.178532961342,0.00753133633896002
WellD05_PointD05_0003_ChannelNile Red_Seq0151.ome.tiff,34,106745.03518367399,0.1017999984585514
WellF06_PointF06_0001_ChannelNile Red_Seq0305.ome.tiff,0,0.0,0.0
WellE04_PointE04_0000_ChannelNile Red_Seq0164.ome.tiff,47,106091.58391172731,0.10117681876347286
WellF11_PointF11_0002_ChannelNile Red_Seq0286.ome.tiff,79,193805.6361981177,0.18482745761691827
WellG07_PointG07_0001_ChannelNile Red_Seq0337.ome.tiff,30,118727.06956446545,0.11322695690580888
WellC11_PointC11_0001_ChannelNile Red_Seq0033.ome.tiff,45,120797.37912318115,0.1152013579589664
WellC13_PointC13_0000_ChannelNile Red_Seq0040.ome.tiff,124,68774.17557606095,0.06558816487890334
WellD03_PointD03_0001_ChannelNile Red_Seq0157.ome.tiff,2,4814.490741626358,0.004591456166864736
WellE06_PointE06_0001_ChannelNile Red_Seq0173.ome.tiff,86,168656.40160796806,0.1608432785110169
WellF04_PointF04_0000_ChannelNile Red_Seq0312.ome.tiff,0,0.0,0.0
WellG03_PointG03_0001_ChannelNile Red_Seq0321.ome.tiff,0,0.0,0.0
WellF10_PointF10_0000_ChannelNile Red_Seq0288.ome.tiff,100,203000.29249701166,0.1935961651773564
WellC17_PointC17_0000_ChannelNile Red_Seq0056.ome.tiff,0,0.0,0.0
WellF04_PointF04_0003_ChannelNile Red_Seq0315.ome.tiff,0,0.0,0.0
WellD15_PointD15_0000_ChannelNile Red_Seq0108.ome.tiff,0,0.0,0.0
WellE06_PointE06_0002_ChannelNile Red_Seq0174.ome.tiff,77,235304.5043557121,0.2244038623387452
WellD07_PointD07_0001_ChannelNile Red_Seq0141.ome.tiff,0,0.0,0.0
WellE12_PointE12_0001_ChannelNile Red_Seq0197.ome.tiff,17,10719.114134048374,0.010222543844269155
WellC04_PointC04_0000_ChannelNile Red_Seq0004.ome.tiff,65,124720.4429493514,0.1189426831716074
WellE18_PointE18_0003_ChannelNile Red_Seq0223.ome.tiff,153,146933.073806558,0.14012629871993829
WellD14_PointD14_0001_ChannelNile Red_Seq0113.ome.tiff,0,0.0,0.0
WellD20_PointD20_0000_ChannelNile Red_Seq0088.ome.tiff,0,0.0,0.0
WellC20_PointC20_0002_ChannelNile Red_Seq0070.ome.tiff,0,0.0,0.0
WellC09_PointC09_0000_ChannelNile Red_Seq0024.ome.tiff,0,0.0,0.0
WellD10_PointD10_0001_ChannelNile Red_Seq0129.ome.tiff,1,1963.4954084936207,0.0018725351414619644
WellD14_PointD14_0002_ChannelNile Red_Seq0114.ome.tiff,0,0.0,0.0
WellF05_PointF05_0001_ChannelNile Red_Seq0309.ome.tiff,0,0.0,0.0
WellF20_PointF20_0002_ChannelNile Red_Seq0250.ome.tiff,0,0.0,0.0
WellC12_PointC12_0002_ChannelNile Red_Seq0038.ome.tiff,55,156430.10839836,0.14918337669216156
WellE13_PointE13_0002_ChannelNile Red_Seq0202.ome.tiff,2,1452.9866022852793,0.0013856760046818536
WellD12_PointD12_0002_ChannelNile Red_Seq0122.ome.tiff,2,5328.141140488289,0.0050813113598711865
WellC19_PointC19_0002_ChannelNile Red_Seq0066.ome.tiff,0,0.0,0.0
WellD22_PointD22_0003_ChannelNile Red_Seq0083.ome.tiff,3,4217.588137444297,0.004022205483860299
WellE03_PointE03_0002_ChannelNile Red_Seq0162.ome.tiff,37,88408.34426283377,0.0843127672794664
WellG05_PointG05_0001_ChannelNile Red_Seq0329.ome.tiff,5,15970.286254523715,0.015230451826595034
WellG08_PointG08_0001_ChannelNile Red_Seq0341.ome.tiff,45,127961.78116969267,0.1220338641831328
WellE21_PointE21_0000_ChannelNile Red_Seq0232.ome.tiff,0,0.0,0.0
WellF21_PointF21_0001_ChannelNile Red_Seq0245.ome.tiff,0,0.0,0.0
WellF07_PointF07_0002_ChannelNile Red_Seq0302.ome.tiff,1,226.98006922186255,0.00021646506235300307
WellC17_PointC17_0002_ChannelNile Red_Seq0058.ome.tiff,1,226.98006922186255,0.00021646506235300307
WellC14_PointC14_0002_ChannelNile Red_Seq0046.ome.tiff,65,118731.78195344584,0.11323145099014839
WellE21_PointE21_0003_ChannelNile Red_Seq0235.ome.tiff,0,0.0,0.0
WellC05_PointC05_0003_ChannelNile Red_Seq0011.ome.tiff,21,18732.53159519254,0.017864734263603726
WellE16_PointE16_0002_ChannelNile Red_Seq0214.ome.tiff,41,75529.38517944241,0.07203043477958909
WellE09_PointE09_0001_ChannelNile Red_Seq0185.ome.tiff,12,11321.51452537422,0.010797037625669689
WellE12_PointE12_0003_ChannelNile Red_Seq0199.ome.tiff,44,32498.99060322301,0.030993452647421846
WellD17_PointD17_0003_ChannelNile Red_Seq0103.ome.tiff,0,0.0,0.0
WellF12_PointF12_0003_ChannelNile Red_Seq0283.ome.tiff,0,0.0,0.0
WellC12_PointC12_0000_ChannelNile Red_Seq0036.ome.tiff,55,52214.84069898917,0.049795952509869734
WellE20_PointE20_0001_ChannelNile Red_Seq0229.ome.tiff,210,76668.99791453208,0.07311725417569359
WellF16_PointF16_0000_ChannelNile Red_Seq0264.ome.tiff,2,6588.705192741193,0.006283478920689767
WellE16_PointE16_0001_ChannelNile Red_Seq0213.ome.tiff,49,119788.1424832154,0.11423887489625492
WellC05_PointC05_0001_ChannelNile Red_Seq0009.ome.tiff,16,6704.158722760618,0.00639358398700773
WellF17_PointF17_0000_ChannelNile Red_Seq0260.ome.tiff,1,226.98006922186255,0.00021646506235300307
WellE17_PointE17_0001_ChannelNile Red_Seq0217.ome.tiff,44,78433.00218952275,0.07479953974678302
WellE08_PointE08_0001_ChannelNile Red_Seq0181.ome.tiff,0,0.0,0.0
WellD11_PointD11_0000_ChannelNile Red_Seq0124.ome.tiff,9,6197.576907369264,0.0059104699205105434
WellD21_PointD21_0001_ChannelNile Red_Seq0085.ome.tiff,0,0.0,0.0
WellD13_PointD13_0002_ChannelNile Red_Seq0118.ome.tiff,0,0.0,0.0
WellG05_PointG05_0003_ChannelNile Red_Seq0331.ome.tiff,5,22335.938368860032,0.02130121075521472
WellD16_PointD16_0003_ChannelNile Red_Seq0107.ome.tiff,1,3117.245310524472,0.0029728367905850145
WellF22_PointF22_0003_ChannelNile Red_Seq0243.ome.tiff,0,0.0,0.0
WellE20_PointE20_0003_ChannelNile Red_Seq0231.ome.tiff,133,45626.13550624796,0.04351247358917996
WellC13_PointC13_0003_ChannelNile Red_Seq0043.ome.tiff,141,55990.249670440695,0.053396463079872794
WellG12_PointG12_0003_ChannelNile Red_Seq0359.ome.tiff,3,1409.7897032984197,0.0013444802315696904
WellC18_PointC18_0002_ChannelNile Red_Seq0062.ome.tiff,0,0.0,0.0
WellF03_PointF03_0003_ChannelNile Red_Seq0319.ome.tiff,0,0.0,0.0
WellG09_PointG09_0001_ChannelNile Red_Seq0345.ome.tiff,44,114591.94823417788,0.10928339789788998
WellE07_PointE07_0003_ChannelNile Red_Seq0179.ome.tiff,1,660.519855417254,0.0006299208215878048
WellF11_PointF11_0001_ChannelNile Red_Seq0285.ome.tiff,59,72119.9717521341,0.06877896475995454
WellF06_PointF06_0002_ChannelNile Red_Seq0306.ome.tiff,0,0.0,0.0
WellE04_PointE04_0003_ChannelNile Red_Seq0167.ome.tiff,62,120832.72204053403,0.11523506359151271
WellC21_PointC21_0002_ChannelNile Red_Seq0074.ome.tiff,0,0.0,0.0
WellC08_PointC08_0000_ChannelNile Red_Seq0020.ome.tiff,0,0.0,0.0
WellE14_PointE14_0003_ChannelNile Red_Seq0207.ome.tiff,0,0.0,0.0
WellE17_PointE17_0003_ChannelNile Red_Seq0219.ome.tiff,37,50041.64398086842,0.04772343061529963
WellD15_PointD15_0002_ChannelNile Red_Seq0110.ome.tiff,0,0.0,0.0
WellF10_PointF10_0002_ChannelNile Red_Seq0290.ome.tiff,78,140342.79781749003,0.13384132177113536
WellE19_PointE19_0003_ChannelNile Red_Seq0227.ome.tiff,24,15438.57169790364,0.014723369310287133
WellC03_PointC03_0001_ChannelNile Red_Seq0001.ome.tiff,0,0.0,0.0
WellC21_PointC21_0001_ChannelNile Red_Seq0073.ome.tiff,0,0.0,0.0
WellD13_PointD13_0000_ChannelNile Red_Seq0116.ome.tiff,0,0.0,0.0
WellC20_PointC20_0000_ChannelNile Red_Seq0068.ome.tiff,0,0.0,0.0
WellD20_PointD20_0002_ChannelNile Red_Seq0090.ome.tiff,0,0.0,0.0
WellD10_PointD10_0003_ChannelNile Red_Seq0131.ome.tiff,4,1550.375974546563,0.001478553747698367
WellC16_PointC16_0000_ChannelNile Red_Seq0052.ome.tiff,3,1233.8605146973912,0.0011767010828946983
WellF20_PointF20_0000_ChannelNile Red_Seq0248.ome.tiff,0,0.0,0.0
WellF05_PointF05_0003_ChannelNile Red_Seq0311.ome.tiff,0,0.0,0.0
WellD06_PointD06_0001_ChannelNile Red_Seq0145.ome.tiff,64,125817.64418361761,0.11998905580865632
WellG04_PointG04_0000_ChannelNile Red_Seq0324.ome.tiff,0,0.0,0.0
WellE07_PointE07_0001_ChannelNile Red_Seq0177.ome.tiff,5,11686.724671354032,0.011145329161981613
WellC16_PointC16_0003_ChannelNile Red_Seq0055.ome.tiff,13,9064.280203769951,0.008644371227045013
WellG12_PointG12_0001_ChannelNile Red_Seq0357.ome.tiff,4,2819.579406596839,0.0026889604631393804
WellF03_PointF03_0001_ChannelNile Red_Seq0317.ome.tiff,0,0.0,0.0
WellD16_PointD16_0001_ChannelNile Red_Seq0105.ome.tiff,0,0.0,0.0
WellF22_PointF22_0001_ChannelNile Red_Seq0241.ome.tiff,0,0.0,0.0
WellC10_PointC10_0001_ChannelNile Red_Seq0029.ome.tiff,8,9281.050096867646,0.008851099106662413
WellC06_PointC06_0000_ChannelNile Red_Seq0012.ome.tiff,7,6630.331295401258,0.006323176665688761
WellE22_PointE22_0000_ChannelNile Red_Seq0236.ome.tiff,0,0.0,0.0
WellD21_PointD21_0003_ChannelNile Red_Seq0087.ome.tiff,0,0.0,0.0
WellF08_PointF08_0003_ChannelNile Red_Seq0299.ome.tiff,0,0.0,0.0
WellD11_PointD11_0002_ChannelNile Red_Seq0126.ome.tiff,5,10508.627426257859,0.010021808077104434
WellE08_PointE08_0003_ChannelNile Red_Seq0183.ome.tiff,0,0.0,0.0
WellF17_PointF17_0002_ChannelNile Red_Seq0262.ome.tiff,0,0.0,0.0
WellC06_PointC06_0003_ChannelNile Red_Seq0015.ome.tiff,6,4185.386812745002,0.0039914959075403236
WellF11_PointF11_0003_ChannelNile Red_Seq0287.ome.tiff,64,142149.99899146755,0.13556480311533695
WellF06_PointF06_0000_ChannelNile Red_Seq0304.ome.tiff,0,0.0,0.0
WellE04_PointE04_0001_ChannelNile Red_Seq0165.ome.tiff,60,60774.89528185795,0.05795945671258731
WellD08_PointD08_0002_ChannelNile Red_Seq0138.ome.tiff,13,16810.66228935898,0.016031896867140752
WellD05_PointD05_0002_ChannelNile Red_Seq0150.ome.tiff,44,153295.58432824074,0.14619406159233164
WellG09_PointG09_0003_ChannelNile Red_Seq0347.ome.tiff,41,101684.71481690425,0.09697410089197564
WellC11_PointC11_0003_ChannelNile Red_Seq0035.ome.tiff,54,169932.6736234889,0.16206042635296716
WellC18_PointC18_0000_ChannelNile Red_Seq0060.ome.tiff,0,0.0,0.0
WellD18_PointD18_0002_ChannelNile Red_Seq0098.ome.tiff,0,0.0,0.0
WellE15_PointE15_0002_ChannelNile Red_Seq0210.ome.tiff,1,452.3893421169302,0.0004314320965928366
WellD03_PointD03_0000_ChannelNile Red_Seq0156.ome.tiff,1,16286.016316209487,0.015531555477342116
WellC13_PointC13_0001_ChannelNile Red_Seq0041.ome.tiff,86,120019.04954325425,0.11445908502889085
WellC11_PointC11_0000_ChannelNile Red_Seq0032.ome.tiff,45,96364.4276580499,0.09190027967267027
WellG07_PointG07_0000_ChannelNile Red_Seq0336.ome.tiff,27,56179.53062781948,0.053576975467509724
WellF14_PointF14_0003_ChannelNile Red_Seq0275.ome.tiff,0,0.0,0.0
WellF08_PointF08_0001_ChannelNile Red_Seq0297.ome.tiff,1,8659.014751456867,0.008257879973847262
WellC03_PointC03_0003_ChannelNile Red_Seq0003.ome.tiff,0,0.0,0.0
WellF19_PointF19_0000_ChannelNile Red_Seq0252.ome.tiff,3,15256.359323995433,0.014549598049159463
WellE22_PointE22_0002_ChannelNile Red_Seq0238.ome.tiff,0,0.0,0.0
WellE19_PointE19_0001_ChannelNile Red_Seq0225.ome.tiff,50,22303.737044160735,0.021270501178894743
WellE10_PointE10_0000_ChannelNile Red_Seq0188.ome.tiff,7,1708.24100538945,0.001629105573071909
WellF19_PointF19_0003_ChannelNile Red_Seq0255.ome.tiff,0,0.0,0.0
WellE05_PointE05_0002_ChannelNile Red_Seq0170.ome.tiff,71,265415.09914404346,0.2531195632400927
WellE14_PointE14_0001_ChannelNile Red_Seq0205.ome.tiff,0,0.0,0.0
WellC08_PointC08_0002_ChannelNile Red_Seq0022.ome.tiff,0,0.0,0.0
WellG10_PointG10_0002_ChannelNile Red_Seq0350.ome.tiff,116,179616.63297817943,0.17129576967065757
WellF14_PointF14_0000_ChannelNile Red_Seq0272.ome.tiff,0,0.0,0.0
WellF15_PointF15_0001_ChannelNile Red_Seq0269.ome.tiff,0,0.0,0.0
WellD18_PointD18_0000_ChannelNile Red_Seq0096.ome.tiff,0,0.0,0.0
WellC15_PointC15_0001_ChannelNile Red_Seq0049.ome.tiff,356,166889.2557403238,0.15915799688370114
WellD08_PointD08_0000_ChannelNile Red_Seq0136.ome.tiff,7,10463.859730944203,0.0099791142758791
WellE11_PointE11_0001_ChannelNile Red_Seq0193.ome.tiff,63,45478.48065152925,0.043371658946542026
WellD06_PointD06_0003_ChannelNile Red_Seq0147.ome.tiff,64,205691.0666048113,0.19616228733521585
WellG04_PointG04_0002_ChannelNile Red_Seq0326.ome.tiff,0,0.0,0.0
WellE11_PointE11_0002_ChannelNile Red_Seq0194.ome.tiff,1,226.98006922186255,0.00021646506235300307
WellG07_PointG07_0002_ChannelNile Red_Seq0338.ome.tiff,20,55242.55061888632,0.052683401698004076
WellD03_PointD03_0002_ChannelNile Red_Seq0158.ome.tiff,0,0.0,0.0
WellD07_PointD07_0003_ChannelNile Red_Seq0143.ome.tiff,0,0.0,0.0
WellD09_PointD09_0003_ChannelNile Red_Seq0135.ome.tiff,1,2733.9710067865176,0.0026073179309716392
WellE10_PointE10_0002_ChannelNile Red_Seq0190.ome.tiff,32,19110.30811178671,0.018225010024821006
WellE05_PointE05_0000_ChannelNile Red_Seq0168.ome.tiff,79,184409.13257123064,0.17586625344393791
WellG03_PointG03_0003_ChannelNile Red_Seq0323.ome.tiff,0,0.0,0.0
WellG10_PointG10_0000_ChannelNile Red_Seq0348.ome.tiff,90,188718.61229379248,0.17997609357241867
WellD19_PointD19_0003_ChannelNile Red_Seq0095.ome.tiff,0,0.0,0.0
WellD19_PointD19_0000_ChannelNile Red_Seq0092.ome.tiff,0,0.0,0.0
WellC22_PointC22_0001_ChannelNile Red_Seq0077.ome.tiff,0,0.0,0.0
WellD09_PointD09_0000_ChannelNile Red_Seq0132.ome.tiff,0,0.0,0.0
WellE13_PointE13_0000_ChannelNile Red_Seq0200.ome.tiff,1,660.519855417254,0.0006299208215878048
WellF13_PointF13_0001_ChannelNile Red_Seq0277.ome.tiff,24,31027.154445016193,0.02958980030538196
WellG11_PointG11_0002_ChannelNile Red_Seq0354.ome.tiff,74,287653.6481406422,0.2743278962522909
WellC09_PointC09_0002_ChannelNile Red_Seq0026.ome.tiff,0,0.0,0.0
WellF09_PointF09_0002_ChannelNile Red_Seq0294.ome.tiff,48,156500.79423306574,0.14925078795725416
WellF09_PointF09_0001_ChannelNile Red_Seq0293.ome.tiff,56,130282.63274253212,0.12424720072034084
WellF15_PointF15_0003_ChannelNile Red_Seq0271.ome.tiff,0,0.0,0.0
WellG11_PointG11_0001_ChannelNile Red_Seq0353.ome.tiff,50,141264.85526131862,0.13472066427356588
WellC15_PointC15_0003_ChannelNile Red_Seq0051.ome.tiff,376,150660.5734900423,0.14368111943248968
WellF18_PointF18_0000_ChannelNile Red_Seq0256.ome.tiff,1,1075.2100856911068,0.0010254002434645717
WellC07_PointC07_0002_ChannelNile Red_Seq0018.ome.tiff,7,2423.7387322445256,0.002311457378620649
WellE18_PointE18_0001_ChannelNile Red_Seq0221.ome.tiff,229,170816.24655731104,0.16290306716662506
WellC04_PointC04_0002_ChannelNile Red_Seq0006.ome.tiff,3,962.8981483252716,0.0009182912333729473
WellG06_PointG06_0000_ChannelNile Red_Seq0332.ome.tiff,13,9843.39518186022,0.00938739317117712
WellD04_PointD04_0001_ChannelNile Red_Seq0153.ome.tiff,43,111243.79586361459,0.10609035097466907
WellC14_PointC14_0000_ChannelNile Red_Seq0044.ome.tiff,320,116531.0962996062,0.11113271360359783
WellF07_PointF07_0000_ChannelNile Red_Seq0300.ome.tiff,0,0.0,0.0
WellF21_PointF21_0003_ChannelNile Red_Seq0247.ome.tiff,0,0.0,0.0
WellD04_PointD04_0002_ChannelNile Red_Seq0154.ome.tiff,32,124620.6973825999,0.11884755838642111
WellG06_PointG06_0003_ChannelNile Red_Seq0335.ome.tiff,11,6871.448531564275,0.00655312398106029
WellC10_PointC10_0003_ChannelNile Red_Seq0031.ome.tiff,14,10359.401775212344,0.009879495406353325
WellG08_PointG08_0003_ChannelNile Red_Seq0343.ome.tiff,58,103927.02657340394,0.09911253602352518
WellD22_PointD22_0001_ChannelNile Red_Seq0081.ome.tiff,5,21234.024745613417,0.02025034403382627
WellC22_PointC22_0003_ChannelNile Red_Seq0079.ome.tiff,0,0.0,0.0
WellC19_PointC19_0000_ChannelNile Red_Seq0064.ome.tiff,0,0.0,0.0
WellE03_PointE03_0000_ChannelNile Red_Seq0160.ome.tiff,46,118272.32402785835,0.11279327776704631
WellD12_PointD12_0000_ChannelNile Red_Seq0120.ome.tiff,1,14957.122623741005,0.014264223693600659
WellF16_PointF16_0002_ChannelNile Red_Seq0266.ome.tiff,0,0.0,0.0
WellF13_PointF13_0003_ChannelNile Red_Seq0279.ome.tiff,9,9797.842088383168,0.009343950355895202
WellD17_PointD17_0001_ChannelNile Red_Seq0101.ome.tiff,0,0.0,0.0
WellF12_PointF12_0001_ChannelNile Red_Seq0281.ome.tiff,0,0.0,0.0
WellF18_PointF18_0002_ChannelNile Red_Seq0258.ome.tiff,0,0.0,0.0
WellC07_PointC07_0000_ChannelNile Red_Seq0016.ome.tiff,32,17618.836999494957,0.016802632331366498
WellD05_PointD05_0000_ChannelNile Red_Seq0148.ome.tiff,64,159783.75855606707,0.15238166671377856
WellE09_PointE09_0003_ChannelNile Red_Seq0187.ome.tiff,21,17699.733010324897,0.016879780779194734
WellE15_PointE15_0000_ChannelNile Red_Seq0208.ome.tiff,4,3908.9266592291006,0.003727842959622479
