smi1,conc1,smi2,conc2,smi3,conc3,smi4,conc4,smi5,conc5,smi6,conc6,smi7,conc7,vesicles_formation
CCCCCCCCCC(=O)O,0.059482155353389826,CCCCCCCCCC(=O)[O-],0.11196641007696909,CCCCCCCCCCN,0.16969909027290625,CCCCCCCCCC[N+](C)(C)C.[Br-],0.26067179846044364,CCCCCCCCCCOS(=O)(=O)[O-].[Na+],0.30440867739675964,CCCCCCCCCCO,0.03883834849544865,CCCCCCCCCC(=O)OCC(CO)O,0.05493351994401296,22
CCCCCCCCCC(=O)O,0.3757130320315516,CCCCCCCCCC(=O)[O-],0.09927599824483335,CCCCCCCCCCN,0.021061869240892806,CCCCCCCCCC[N+](C)(C)C.[Br-],0.20568231680559393,CCCCCCCCCCOS(=O)(=O)[O-].[Na+],0.260530934620419,CCCCCCCCCCO,0.025340061430449163,CCCCCCCCCC(=O)OCC(CO)O,0.012395787626150451,9
CCCCCCCCCC(=O)O,0.14195838038392375,CCCCCCCCCC(=O)[O-],0.06613969995160084,CCCCCCCCCCN,0.17099532182608995,CCCCCCCCCC[N+](C)(C)C.[Br-],0.32101951927728206,CCCCCCCCCCOS(=O)(=O)[O-].[Na+],0.2742377802871254,CCCCCCCCCCO,0.011130827552830378,CCCCCCCCCC(=O)OCC(CO)O,0.014518470721083103,6
CCCCCCCCCC(=O)O,0.26978751907116666,CCCCCCCCCC(=O)[O-],0.37026011238042866,CCCCCCCCCCN,0.03460722658430137,CCCCCCCCCC[N+](C)(C)C.[Br-],0.005507386596211394,CCCCCCCCCCOS(=O)(=O)[O-].[Na+],0.25118148327315515,CCCCCCCCCCO,0.059725374911616884,CCCCCCCCCC(=O)OCC(CO)O,0.00893089718304551,2
CCCCCCCCCC(=O)O,0.15405920027694972,CCCCCCCCCC(=O)[O-],0.2232992902890619,CCCCCCCCCCN,0.3011943915526881,CCCCCCCCCC[N+](C)(C)C.[Br-],0.09866712826725992,CCCCCCCCCCOS(=O)(=O)[O-].[Na+],0.1211701575211964,CCCCCCCCCCO,0.0773758005885354,CCCCCCCCCC(=O)OCC(CO)O,0.024234031504239265,36
CCCCCCCCCC(=O)O,0.02569358237824268,CCCCCCCCCC(=O)[O-],0.23095354946735006,CCCCCCCCCCN,0.19198013799473468,CCCCCCCCCC[N+](C)(C)C.[Br-],0.26415312220328163,CCCCCCCCCCOS(=O)(=O)[O-].[Na+],0.22662317041483718,CCCCCCCCCCO,0.050665434914399905,CCCCCCCCCC(=O)OCC(CO)O,0.009931002627096045,40
CCCCCCCCCC(=O)O,0.26721014492752015,CCCCCCCCCC(=O)[O-],0.2913647342994994,CCCCCCCCCCN,0.19927536231882856,CCCCCCCCCC[N+](C)(C)C.[Br-],0.10869565217390653,CCCCCCCCCCOS(=O)(=O)[O-].[Na+],0.04981884057970714,CCCCCCCCCCO,0.03260869565217195,CCCCCCCCCC(=O)OCC(CO)O,0.05102657004830611,22
CCCCCCCCCC(=O)O,0.21124471888201649,CCCCCCCCCC(=O)[O-],0.21124471888201649,CCCCCCCCCCN,0.04062398440038779,CCCCCCCCCC[N+](C)(C)C.[Br-],0.25593110172244304,CCCCCCCCCCOS(=O)(=O)[O-].[Na+],0.2505145704690581,CCCCCCCCCCO,0.016087097822553558,CCCCCCCCCC(=O)OCC(CO)O,0.014353807821470346,39
CCCCCCCCCC(=O)O,0.11337711717938291,CCCCCCCCCC(=O)[O-],0.04286208088488864,CCCCCCCCCCN,0.07881092291737592,CCCCCCCCCC[N+](C)(C)C.[Br-],0.011752506049082359,CCCCCCCCCCOS(=O)(=O)[O-].[Na+],0.5081230556515026,CCCCCCCCCCO,0.17317663325265498,CCCCCCCCCC(=O)OCC(CO)O,0.07189768406497452,9
CCCCCCCCCC(=O)O,0.03376848000658619,CCCCCCCCCC(=O)[O-],0.24090927809576734,CCCCCCCCCCN,0.0778322283078633,CCCCCCCCCC[N+](C)(C)C.[Br-],0.1997282049170037,CCCCCCCCCCOS(=O)(=O)[O-].[Na+],0.40563357081082196,CCCCCCCCCCO,0.011242432977802459,CCCCCCCCCC(=O)OCC(CO)O,0.030885804884072728,30
CCCCCCCCCC(=O)O,0.08780966396859574,CCCCCCCCCC(=O)[O-],0.0740740740740668,CCCCCCCCCCN,0.40470934510665646,CCCCCCCCCC[N+](C)(C)C.[Br-],0.06279126808927515,CCCCCCCCCCOS(=O)(=O)[O-].[Na+],0.19622271277898495,CCCCCCCCCCO,0.10375275938188827,CCCCCCCCCC(=O)OCC(CO)O,0.07064017660043458,8
CCCCCCCCCC(=O)O,0.2237001209189708,CCCCCCCCCC(=O)[O-],0.22521160822247735,CCCCCCCCCCN,0.08917775090688701,CCCCCCCCCC[N+](C)(C)C.[Br-],0.29927448609429874,CCCCCCCCCCOS(=O)(=O)[O-].[Na+],0.07708585247883452,CCCCCCCCCCO,0.028113663845222,CCCCCCCCCC(=O)OCC(CO)O,0.05743651753324926,40
CCCCCCCCCC(=O)O,0.15051740357477417,CCCCCCCCCC(=O)[O-],0.3715898400752237,CCCCCCCCCCN,0.15286923800563001,CCCCCCCCCC[N+](C)(C)C.[Br-],0.021636876763873776,CCCCCCCCCCOS(=O)(=O)[O-].[Na+],0.18109125117590016,CCCCCCCCCCO,0.04797742238945926,CCCCCCCCCC(=O)OCC(CO)O,0.07431796801504476,26
CCCCCCCCCC(=O)O,0.16604892512971586,CCCCCCCCCC(=O)[O-],0.21497405485543575,CCCCCCCCCCN,0.18977020014824678,CCCCCCCCCC[N+](C)(C)C.[Br-],0.133432171979236,CCCCCCCCCCOS(=O)(=O)[O-].[Na+],0.23573017049665024,CCCCCCCCCCO,0.027131208302444653,CCCCCCCCCC(=O)OCC(CO)O,0.032913269088211544,36
CCCCCCCCCC(=O)O,0.01391330366159151,CCCCCCCCCC(=O)[O-],0.34409245614688677,CCCCCCCCCCN,0.15147548341248823,CCCCCCCCCC[N+](C)(C)C.[Br-],0.19261697273439857,CCCCCCCCCCOS(=O)(=O)[O-].[Na+],0.21505778509180426,CCCCCCCCCCO,0.052174888730968164,CCCCCCCCCC(=O)OCC(CO)O,0.030669110221787733,31
CCCCCCCCCC(=O)O,0.30680822051230106,CCCCCCCCCC(=O)[O-],0.07629622414856164,CCCCCCCCCCN,0.0022726534852763047,CCCCCCCCCC[N+](C)(C)C.[Br-],0.22077205285541243,CCCCCCCCCCOS(=O)(=O)[O-].[Na+],0.290574981331756,CCCCCCCCCCO,0.09399045485535573,CCCCCCCCCC(=O)OCC(CO)O,0.009285412811271744,35
CCCCCCCCCC(=O)O,0.2042293573238093,CCCCCCCCCC(=O)[O-],0.25205521948191667,CCCCCCCCCCN,0.24042190165967423,CCCCCCCCCC[N+](C)(C)C.[Br-],0.009875394240214571,CCCCCCCCCCOS(=O)(=O)[O-].[Na+],0.2042293573238093,CCCCCCCCCCO,0.07212657049790229,CCCCCCCCCC(=O)OCC(CO)O,0.017062199472622046,18
CCCCCCCCCC(=O)O,0.08009063916236285,CCCCCCCCCC(=O)[O-],0.20120331301764327,CCCCCCCCCCN,0.2871542428504229,CCCCCCCCCC[N+](C)(C)C.[Br-],0.26566651039222805,CCCCCCCCCCOS(=O)(=O)[O-].[Na+],0.0037505860290667405,CCCCCCCCCCO,0.10548523206750231,CCCCCCCCCC(=O)OCC(CO)O,0.05664947648069568,0
CCCCCCCCCC(=O)O,0.3255715195696564,CCCCCCCCCC(=O)[O-],0.13270578243328388,CCCCCCCCCCN,0.27248920659634274,CCCCCCCCCC[N+](C)(C)C.[Br-],0.04918961002193721,CCCCCCCCCCOS(=O)(=O)[O-].[Na+],0.20702102059592284,CCCCCCCCCCO,0.005732889801117857,CCCCCCCCCC(=O)OCC(CO)O,0.007289970981668387,30
CCCCCCCCCC(=O)O,0.041800824718969454,CCCCCCCCCC(=O)[O-],0.011749421002088702,CCCCCCCCCCN,0.2541942043721116,CCCCCCCCCC[N+](C)(C)C.[Br-],0.1694628029147411,CCCCCCCCCCOS(=O)(=O)[O-].[Na+],0.32197932553800807,CCCCCCCCCCO,0.16353160481272513,CCCCCCCCCC(=O)OCC(CO)O,0.03728181664124304,12
CCCCCCCCCC(=O)O,0.18451749734887088,CCCCCCCCCC(=O)[O-],0.10816542948037258,CCCCCCCCCCN,0.2863202545068686,CCCCCCCCCC[N+](C)(C)C.[Br-],0.0008483563096499725,CCCCCCCCCCOS(=O)(=O)[O-].[Na+],0.3096500530222431,CCCCCCCCCCO,0.07317073170731087,CCCCCCCCCC(=O)OCC(CO)O,0.03732767762459916,8
CCCCCCCCCC(=O)O,0.1543754410726752,CCCCCCCCCC(=O)[O-],0.05160550458715141,CCCCCCCCCCN,0.2006880733944777,CCCCCCCCCC[N+](C)(C)C.[Br-],0.33300988002819926,CCCCCCCCCCOS(=O)(=O)[O-].[Na+],0.22274170783343128,CCCCCCCCCCO,0.0031757233592093087,CCCCCCCCCC(=O)OCC(CO)O,0.034403669724767605,14
CCCCCCCCCC(=O)O,0.09565288179745232,CCCCCCCCCC(=O)[O-],0.23811462064472172,CCCCCCCCCCN,0.3073103223705383,CCCCCCCCCC[N+](C)(C)C.[Br-],0.19944643438617718,CCCCCCCCCCOS(=O)(=O)[O-].[Na+],0.1241452295669062,CCCCCCCCCCO,0.016606968414195976,CCCCCCCCCC(=O)OCC(CO)O,0.018723542819926827,22
CCCCCCCCCC(=O)O,0.18231665524330734,CCCCCCCCCC(=O)[O-],0.18231665524330734,CCCCCCCCCCN,0.2111034955448821,CCCCCCCCCC[N+](C)(C)C.[Br-],0.10966415352980896,CCCCCCCCCCOS(=O)(=O)[O-].[Na+],0.20424948594926914,CCCCCCCCCCO,0.07936943111719921,CCCCCCCCCC(=O)OCC(CO)O,0.03098012337217102,36
CCCCCCCCCC(=O)O,0.25813221406083875,CCCCCCCCCC(=O)[O-],0.1909758656872872,CCCCCCCCCCN,0.01762854144805728,CCCCCCCCCC[N+](C)(C)C.[Br-],0.388247639034595,CCCCCCCCCCOS(=O)(=O)[O-].[Na+],0.01888772298006136,CCCCCCCCCCO,0.11269674711436618,CCCCCCCCCC(=O)OCC(CO)O,0.013431269674710299,7
CCCCCCCCCC(=O)O,0.10509414683987128,CCCCCCCCCC(=O)[O-],0.2773317763829936,CCCCCCCCCCN,0.09779594219821355,CCCCCCCCCC[N+](C)(C)C.[Br-],0.17953583418478009,CCCCCCCCCCOS(=O)(=O)[O-].[Na+],0.2466793168880312,CCCCCCCCCCO,0.05035761202743831,CCCCCCCCCC(=O)OCC(CO)O,0.04320537147861374,26
CCCCCCCCCC(=O)O,0.12026786934535356,CCCCCCCCCC(=O)[O-],0.23370233702335744,CCCCCCCCCCN,0.1708350416837409,CCCCCCCCCC[N+](C)(C)C.[Br-],0.2542025420254063,CCCCCCCCCCOS(=O)(=O)[O-].[Na+],0.1626349596829213,CCCCCCCCCCO,0.036490364903647036,CCCCCCCCCC(=O)OCC(CO)O,0.021866885335518824,26
CCCCCCCCCC(=O)O,0.13902857480918904,CCCCCCCCCC(=O)[O-],0.3017215878837719,CCCCCCCCCCN,0.0757262024492604,CCCCCCCCCC[N+](C)(C)C.[Br-],0.15381884872506021,CCCCCCCCCCOS(=O)(=O)[O-].[Na+],0.23960243743711304,CCCCCCCCCCO,0.010826480506417675,CCCCCCCCCC(=O)OCC(CO)O,0.0792758681890695,16
CCCCCCCCCC(=O)O,0.009944947611435983,CCCCCCCCCC(=O)[O-],0.24684780678385748,CCCCCCCCCCN,0.10477712662048624,CCCCCCCCCC[N+](C)(C)C.[Br-],0.2947966613389952,CCCCCCCCCCOS(=O)(=O)[O-].[Na+],0.23974427277568885,CCCCCCCCCCO,0.07405434203515722,CCCCCCCCCC(=O)OCC(CO)O,0.029834842834307936,32
CCCCCCCCCC(=O)O,0.16748366013070987,CCCCCCCCCC(=O)[O-],0.25054466230935457,CCCCCCCCCCN,0.22467320261436693,CCCCCCCCCC[N+](C)(C)C.[Br-],0.11710239651415483,CCCCCCCCCCOS(=O)(=O)[O-].[Na+],0.13480392156862017,CCCCCCCCCCO,0.08006535947711986,CCCCCCCCCC(=O)OCC(CO)O,0.025326797385619534,38
CCCCCCCCCC(=O)O,0.15826330532212,CCCCCCCCCC(=O)[O-],0.16806722689074688,CCCCCCCCCCN,0.18347338935573204,CCCCCCCCCC[N+](C)(C)C.[Br-],0.21568627450979175,CCCCCCCCCCOS(=O)(=O)[O-].[Na+],0.2142857142857023,CCCCCCCCCCO,0.044537815126047924,CCCCCCCCCC(=O)OCC(CO)O,0.015686274509803044,30
CCCCCCCCCC(=O)O,0.42512077294680517,CCCCCCCCCC(=O)[O-],0.10305958132043762,CCCCCCCCCCN,0.28019323671493973,CCCCCCCCCC[N+](C)(C)C.[Br-],0.02576489533010939,CCCCCCCCCCOS(=O)(=O)[O-].[Na+],0.07149758454105361,CCCCCCCCCCO,0.055072463768108836,CCCCCCCCCC(=O)OCC(CO)O,0.03929146537841682,14
CCCCCCCCCC(=O)O,0.29613259668505676,CCCCCCCCCC(=O)[O-],0.1657458563535765,CCCCCCCCCCN,0.024751381215467428,CCCCCCCCCC[N+](C)(C)C.[Br-],0.08088397790054534,CCCCCCCCCCOS(=O)(=O)[O-].[Na+],0.35138121546958223,CCCCCCCCCCO,0.04441988950275849,CCCCCCCCCC(=O)OCC(CO)O,0.03668508287292493,18
CCCCCCCCCC(=O)O,0.1079258010117971,CCCCCCCCCC(=O)[O-],0.20573355817873823,CCCCCCCCCCN,0.3102866779089166,CCCCCCCCCC[N+](C)(C)C.[Br-],0.2462057335581621,CCCCCCCCCCOS(=O)(=O)[O-].[Na+],0.03440134907251032,CCCCCCCCCCO,0.07082630691399185,CCCCCCCCCC(=O)OCC(CO)O,0.024620573355816206,6
CCCCCCCCCC(=O)O,0.3395282344531566,CCCCCCCCCC(=O)[O-],0.04074338813437879,CCCCCCCCCCN,0.15725518227304097,CCCCCCCCCC[N+](C)(C)C.[Br-],0.04074338813437879,CCCCCCCCCCOS(=O)(=O)[O-].[Na+],0.3538241601143421,CCCCCCCCCCO,0.019299499642600474,CCCCCCCCCC(=O)OCC(CO)O,0.048606147248030855,22
CCCCCCCCCC(=O)O,0.188231572287239,CCCCCCCCCC(=O)[O-],0.07908889591900797,CCCCCCCCCCN,0.1803226826953382,CCCCCCCCCC[N+](C)(C)C.[Br-],0.17874090477695803,CCCCCCCCCCOS(=O)(=O)[O-].[Na+],0.30053780449223033,CCCCCCCCCCO,0.04080987029420811,CCCCCCCCCC(=O)OCC(CO)O,0.032268269534955256,41
CCCCCCCCCC(=O)O,0.14606085119768583,CCCCCCCCCC(=O)[O-],0.2426857219900011,CCCCCCCCCCN,0.13033122106870426,CCCCCCCCCC[N+](C)(C)C.[Br-],0.06561502853803733,CCCCCCCCCCOS(=O)(=O)[O-].[Na+],0.3595344029481498,CCCCCCCCCCO,0.022515841984627867,CCCCCCCCCC(=O)OCC(CO)O,0.033256932272703835,14
CCCCCCCCCC(=O)O,0.32074126870987474,CCCCCCCCCC(=O)[O-],0.023419203747070204,CCCCCCCCCCN,0.41492719682309187,CCCCCCCCCC[N+](C)(C)C.[Br-],0.12727828123407725,CCCCCCCCCCOS(=O)(=O)[O-].[Na+],0.08705834436410884,CCCCCCCCCCO,0.014662457998165691,CCCCCCCCCC(=O)OCC(CO)O,0.01191324712350961,5
CCCCCCCCCC(=O)O,0.30489052588497606,CCCCCCCCCC(=O)[O-],0.06015960712092815,CCCCCCCCCCN,0.1943932883159243,CCCCCCCCCC[N+](C)(C)C.[Br-],0.030693677102514357,CCCCCCCCCCOS(=O)(=O)[O-].[Na+],0.33149171270715516,CCCCCCCCCCO,0.03253529772866523,CCCCCCCCCC(=O)OCC(CO)O,0.04583589113975479,28
CCCCCCCCCC(=O)O,0.059281645937459077,CCCCCCCCCC(=O)[O-],0.12592506489983138,CCCCCCCCCCN,0.12398775620906474,CCCCCCCCCC[N+](C)(C)C.[Br-],0.33709171219339473,CCCCCCCCCCOS(=O)(=O)[O-].[Na+],0.28284706885192895,CCCCCCCCCCO,0.02127164942461767,CCCCCCCCCC(=O)OCC(CO)O,0.04959510248362589,4
CCCCCCCCCC(=O)O,0.28514180024659164,CCCCCCCCCC(=O)[O-],0.26972872996299196,CCCCCCCCCCN,0.21115906288531372,CCCCCCCCCC[N+](C)(C)C.[Br-],0.08631319358815742,CCCCCCCCCCOS(=O)(=O)[O-].[Na+],0.04932182490751854,CCCCCCCCCCO,0.05918618988902224,CCCCCCCCCC(=O)OCC(CO)O,0.03914919852034284,20
CCCCCCCCCC(=O)O,0.027900406145150766,CCCCCCCCCC(=O)[O-],0.14656542468655154,CCCCCCCCCCN,0.28959915239270423,CCCCCCCCCC[N+](C)(C)C.[Br-],0.105950909411965,CCCCCCCCCCOS(=O)(=O)[O-].[Na+],0.33551121313788906,CCCCCCCCCCO,0.027017481900051068,CCCCCCCCCC(=O)OCC(CO)O,0.06745541232561769,42
CCCCCCCCCC(=O)O,0.19771071800206058,CCCCCCCCCC(=O)[O-],0.06867845993755789,CCCCCCCCCCN,0.372008324661772,CCCCCCCCCC[N+](C)(C)C.[Br-],0.06711758584806793,CCCCCCCCCCOS(=O)(=O)[O-].[Na+],0.1795005202913445,CCCCCCCCCCO,0.056191467221638265,CCCCCCCCCC(=O)OCC(CO)O,0.058792924037454855,10
CCCCCCCCCC(=O)O,0.29240862230550757,CCCCCCCCCC(=O)[O-],0.3355201499531144,CCCCCCCCCCN,0.11433926897843563,CCCCCCCCCC[N+](C)(C)C.[Br-],0.08434864104966563,CCCCCCCCCCOS(=O)(=O)[O-].[Na+],0.08622305529521376,CCCCCCCCCCO,0.04329896907216169,CCCCCCCCCC(=O)OCC(CO)O,0.04386129334582613,16
CCCCCCCCCC(=O)O,0.09561304836894671,CCCCCCCCCC(=O)[O-],0.05849268841394387,CCCCCCCCCCN,0.3487064116985115,CCCCCCCCCC[N+](C)(C)C.[Br-],0.35058117735280453,CCCCCCCCCCOS(=O)(=O)[O-].[Na+],0.0179977502812135,CCCCCCCCCCO,0.08661417322833997,CCCCCCCCCC(=O)OCC(CO)O,0.041994750656164835,8
CCCCCCCCCC(=O)O,0.14127881135309284,CCCCCCCCCC(=O)[O-],0.2873198298304473,CCCCCCCCCCN,0.27303320845766244,CCCCCCCCCC[N+](C)(C)C.[Br-],0.16508984697440054,CCCCCCCCCCOS(=O)(=O)[O-].[Na+],0.04762207124261555,CCCCCCCCCCO,0.07714775541303719,CCCCCCCCCC(=O)OCC(CO)O,0.008508476728680638,7
CCCCCCCCCC(=O)O,0.16444792482379292,CCCCCCCCCC(=O)[O-],0.10571652310100972,CCCCCCCCCCN,0.07791699295222568,CCCCCCCCCC[N+](C)(C)C.[Br-],0.34455755677366134,CCCCCCCCCCOS(=O)(=O)[O-].[Na+],0.12725137039936354,CCCCCCCCCCO,0.10336726703209839,CCCCCCCCCC(=O)OCC(CO)O,0.07674236491777002,8
CCCCCCCCCC(=O)O,0.3752306745950072,CCCCCCCCCC(=O)[O-],0.04428952224727952,CCCCCCCCCCN,0.04428952224727952,CCCCCCCCCC[N+](C)(C)C.[Br-],0.30756612671721895,CCCCCCCCCCOS(=O)(=O)[O-].[Na+],0.08406807463603984,CCCCCCCCCCO,0.0682796801312226,CCCCCCCCCC(=O)OCC(CO)O,0.07627639942587032,28
CCCCCCCCCC(=O)O,0.10265886459293652,CCCCCCCCCC(=O)[O-],0.09136638948771349,CCCCCCCCCCN,0.006775485063133789,CCCCCCCCCC[N+](C)(C)C.[Br-],0.2874448208602222,CCCCCCCCCCOS(=O)(=O)[O-].[Na+],0.35930602607527795,CCCCCCCCCCO,0.08161379735138455,CCCCCCCCCC(=O)OCC(CO)O,0.0708346165691262,4
CCCCCCCCCC(=O)O,0.6572461386788488,CCCCCCCCCC(=O)[O-],0.1196187972395505,CCCCCCCCCCN,0.007886953664146174,CCCCCCCCCC[N+](C)(C)C.[Br-],0.0,CCCCCCCCCCOS(=O)(=O)[O-].[Na+],0.147880381202741,CCCCCCCCCCO,0.014788038120274087,CCCCCCCCCC(=O)OCC(CO)O,0.0525796910943079,0
CCCCCCCCCC(=O)O,0.5615801704104475,CCCCCCCCCC(=O)[O-],0.058094500387287654,CCCCCCCCCCN,0.08830364058867725,CCCCCCCCCC[N+](C)(C)C.[Br-],0.10611928737411214,CCCCCCCCCCOS(=O)(=O)[O-].[Na+],0.1425251742834791,CCCCCCCCCCO,0.0,CCCCCCCCCC(=O)OCC(CO)O,0.04337722695584146,1
CCCCCCCCCC(=O)O,0.08189776899179481,CCCCCCCCCC(=O)[O-],0.18638802598132612,CCCCCCCCCCN,0.0045184975995472805,CCCCCCCCCC[N+](C)(C)C.[Br-],0.0,CCCCCCCCCCOS(=O)(=O)[O-].[Na+],0.5365715899462419,CCCCCCCCCCO,0.08895792149108746,CCCCCCCCCC(=O)OCC(CO)O,0.10166619598981423,0
CCCCCCCCCC(=O)O,0.33057851239665775,CCCCCCCCCC(=O)[O-],0.03801652892561564,CCCCCCCCCCN,0.17630853994488413,CCCCCCCCCC[N+](C)(C)C.[Br-],0.2947658402203531,CCCCCCCCCCOS(=O)(=O)[O-].[Na+],0.053443526170793,CCCCCCCCCCO,0.08429752066114772,CCCCCCCCCC(=O)OCC(CO)O,0.022589531680438278,0
CCCCCCCCCC(=O)O,0.1748678324521808,CCCCCCCCCC(=O)[O-],0.1148840992273048,CCCCCCCCCCN,0.16876779178524423,CCCCCCCCCC[N+](C)(C)C.[Br-],0.24400162667746156,CCCCCCCCCCOS(=O)(=O)[O-].[Na+],0.1758845058966702,CCCCCCCCCCO,0.09150061000404806,CCCCCCCCCC(=O)OCC(CO)O,0.03009353395688691,1
CCCCCCCCCC(=O)O,0.2100300042862906,CCCCCCCCCC(=O)[O-],0.07801114444919363,CCCCCCCCCCN,0.03343334762108299,CCCCCCCCCC[N+](C)(C)C.[Br-],0.1500214316330647,CCCCCCCCCCOS(=O)(=O)[O-].[Na+],0.2657522503214289,CCCCCCCCCCO,0.1993141877410717,CCCCCCCCCC(=O)OCC(CO)O,0.06343763394769592,2
CCCCCCCCCC(=O)O,0.19952494061753928,CCCCCCCCCC(=O)[O-],0.04655581947742581,CCCCCCCCCCN,0.07980997624701569,CCCCCCCCCC[N+](C)(C)C.[Br-],0.31353919239899025,CCCCCCCCCCOS(=O)(=O)[O-].[Na+],0.15961995249403144,CCCCCCCCCCO,0.14679334916861816,CCCCCCCCCC(=O)OCC(CO)O,0.05415676959618922,0
CCCCCCCCCC(=O)O,0.13540031397171598,CCCCCCCCCC(=O)[O-],0.03355572998429483,CCCCCCCCCCN,0.11773940345366606,CCCCCCCCCC[N+](C)(C)C.[Br-],0.0,CCCCCCCCCCOS(=O)(=O)[O-].[Na+],0.3434065934065261,CCCCCCCCCCO,0.29434850863416523,CCCCCCCCCC(=O)OCC(CO)O,0.0755494505494357,0
CCCCCCCCCC(=O)O,0.266721378744314,CCCCCCCCCC(=O)[O-],0.0,CCCCCCCCCCN,0.4144439885103956,CCCCCCCCCC[N+](C)(C)C.[Br-],0.020517029134177987,CCCCCCCCCCOS(=O)(=O)[O-].[Na+],0.10012310217478865,CCCCCCCCCCO,0.15387771850633503,CCCCCCCCCC(=O)OCC(CO)O,0.044316782929824466,0
CCCCCCCCCC(=O)O,0.0033870848980187772,CCCCCCCCCC(=O)[O-],0.1303291362933318,CCCCCCCCCCN,0.0,CCCCCCCCCC[N+](C)(C)C.[Br-],0.0,CCCCCCCCCCOS(=O)(=O)[O-].[Na+],0.6221927693099739,CCCCCCCCCCO,0.16015020985197548,CCCCCCCCCC(=O)OCC(CO)O,0.08394079964655267,0
CCCCCCCCCC(=O)O,0.2869238005643862,CCCCCCCCCC(=O)[O-],0.18156161806205426,CCCCCCCCCCN,0.0,CCCCCCCCCC[N+](C)(C)C.[Br-],0.0,CCCCCCCCCCOS(=O)(=O)[O-].[Na+],0.3292568203197876,CCCCCCCCCCO,0.11853245531512348,CCCCCCCCCC(=O)OCC(CO)O,0.08372530573846024,0
CCCCCCCCCC(=O)O,0.22407170294490142,CCCCCCCCCC(=O)[O-],0.2012072434607278,CCCCCCCCCCN,0.12621181635263837,CCCCCCCCCC[N+](C)(C)C.[Br-],0.0040241448692145375,CCCCCCCCCCOS(=O)(=O)[O-].[Na+],0.28351929760375283,CCCCCCCCCCO,0.12072434607643669,CCCCCCCCCC(=O)OCC(CO)O,0.04024144869214556,0
CCCCCCCCCC(=O)O,0.44512158690321496,CCCCCCCCCC(=O)[O-],0.056760470813161636,CCCCCCCCCCN,0.12547051442909415,CCCCCCCCCC[N+](C)(C)C.[Br-],0.11830077074743163,CCCCCCCCCCOS(=O)(=O)[O-].[Na+],0.12248312122840142,CCCCCCCCCCO,0.10844237318514566,CCCCCCCCCC(=O)OCC(CO)O,0.02342116269343091,1
CCCCCCCCCC(=O)O,0.14202649890379526,CCCCCCCCCC(=O)[O-],0.09722619388045045,CCCCCCCCCCN,0.01772948241349389,CCCCCCCCCC[N+](C)(C)C.[Br-],0.0,CCCCCCCCCCOS(=O)(=O)[O-].[Na+],0.5337908683632574,CCCCCCCCCCO,0.16728624535312797,CCCCCCCCCC(=O)OCC(CO)O,0.041940711085684514,0
CCCCCCCCCC(=O)O,0.596178142766804,CCCCCCCCCC(=O)[O-],0.08843967150977756,CCCCCCCCCCN,0.031269740998099926,CCCCCCCCCC[N+](C)(C)C.[Br-],0.0,CCCCCCCCCCOS(=O)(=O)[O-].[Na+],0.14213518635499964,CCCCCCCCCCO,0.130290587492083,CCCCCCCCCC(=O)OCC(CO)O,0.011686670878077732,0
CCCCCCCCCC(=O)O,0.11302073603584663,CCCCCCCCCC(=O)[O-],0.05884550719221764,CCCCCCCCCCN,0.0,CCCCCCCCCC[N+](C)(C)C.[Br-],0.0016813002054919147,CCCCCCCCCCOS(=O)(=O)[O-].[Na+],0.7005417522883055,CCCCCCCCCCO,0.05212030637024992,CCCCCCCCCC(=O)OCC(CO)O,0.0737903979077015,0
CCCCCCCCCC(=O)O,0.22056506669462864,CCCCCCCCCC(=O)[O-],0.26257746035074836,CCCCCCCCCCN,0.08087385778803047,CCCCCCCCCC[N+](C)(C)C.[Br-],0.0,CCCCCCCCCCOS(=O)(=O)[O-].[Na+],0.3518537968700029,CCCCCCCCCCO,0.01796029828799119,CCCCCCCCCC(=O)OCC(CO)O,0.06616952000838856,0
CCCCCCCCCC(=O)O,0.15510649918074165,CCCCCCCCCC(=O)[O-],0.0,CCCCCCCCCCN,0.10267613326049094,CCCCCCCCCC[N+](C)(C)C.[Br-],0.0,CCCCCCCCCCOS(=O)(=O)[O-].[Na+],0.524303659202507,CCCCCCCCCCO,0.09666848716546222,CCCCCCCCCC(=O)OCC(CO)O,0.12124522119057976,1
CCCCCCCCCC(=O)O,0.006434519303556674,CCCCCCCCCC(=O)[O-],0.15897047691140068,CCCCCCCCCCN,0.16843300529898403,CCCCCCCCCC[N+](C)(C)C.[Br-],0.0,CCCCCCCCCCOS(=O)(=O)[O-].[Na+],0.47785768357296027,CCCCCCCCCCO,0.10787282361845044,CCCCCCCCCC(=O)OCC(CO)O,0.08043149129445865,0
CCCCCCCCCC(=O)O,0.43360433604326654,CCCCCCCCCC(=O)[O-],0.016476964769644102,CCCCCCCCCCN,0.027750677506769027,CCCCCCCCCC[N+](C)(C)C.[Br-],0.24390243902433736,CCCCCCCCCCOS(=O)(=O)[O-].[Na+],0.1528455284552514,CCCCCCCCCCO,0.058211382113808476,CCCCCCCCCC(=O)OCC(CO)O,0.06720867208670628,0
CCCCCCCCCC(=O)O,0.4064018769900441,CCCCCCCCCC(=O)[O-],0.010390480978714514,CCCCCCCCCCN,0.08547008547007114,CCCCCCCCCC[N+](C)(C)C.[Br-],0.0,CCCCCCCCCCOS(=O)(=O)[O-].[Na+],0.2974694151164242,CCCCCCCCCCO,0.14580191050776842,CCCCCCCCCC(=O)OCC(CO)O,0.05446623093681002,1
CCCCCCCCCC(=O)O,0.45627376425848576,CCCCCCCCCC(=O)[O-],0.17870722433457362,CCCCCCCCCCN,0.1079847908745083,CCCCCCCCCC[N+](C)(C)C.[Br-],0.14296577946765887,CCCCCCCCCCOS(=O)(=O)[O-].[Na+],0.09049429657793301,CCCCCCCCCCO,0.0,CCCCCCCCCC(=O)OCC(CO)O,0.023574144486688414,2
CCCCCCCCCC(=O)O,0.5662650602408956,CCCCCCCCCC(=O)[O-],0.01325301204819116,CCCCCCCCCCN,0.059036144578306124,CCCCCCCCCC[N+](C)(C)C.[Br-],0.2349397590361162,CCCCCCCCCCOS(=O)(=O)[O-].[Na+],0.03915662650601935,CCCCCCCCCCO,0.059638554216860255,CCCCCCCCCC(=O)OCC(CO)O,0.027710843373490616,0
CCCCCCCCCC(=O)O,0.39204616735661885,CCCCCCCCCC(=O)[O-],0.043909170743941274,CCCCCCCCCCN,0.23522770041397123,CCCCCCCCCC[N+](C)(C)C.[Br-],0.12294567808303564,CCCCCCCCCCOS(=O)(=O)[O-].[Na+],0.09660017563667085,CCCCCCCCCCO,0.09220925856227673,CCCCCCCCCC(=O)OCC(CO)O,0.017061849203360034,6
CCCCCCCCCC(=O)O,0.17737485218759988,CCCCCCCCCC(=O)[O-],0.09131520168176437,CCCCCCCCCCN,0.07160688477203106,CCCCCCCCCC[N+](C)(C)C.[Br-],0.0067008277493093155,CCCCCCCCCCOS(=O)(=O)[O-].[Na+],0.5124162396530663,CCCCCCCCCCO,0.10248324793061327,CCCCCCCCCC(=O)OCC(CO)O,0.038102746025484406,1
CCCCCCCCCC(=O)O,0.2980046644208035,CCCCCCCCCC(=O)[O-],0.21508162736457992,CCCCCCCCCCN,0.0777403472402096,CCCCCCCCCC[N+](C)(C)C.[Br-],0.2980046644208035,CCCCCCCCCCOS(=O)(=O)[O-].[Na+],0.02746825602487405,CCCCCCCCCCO,0.06452448820937397,CCCCCCCCCC(=O)OCC(CO)O,0.019175952319251705,2
CCCCCCCCCC(=O)O,0.11564339781327632,CCCCCCCCCC(=O)[O-],0.44417577796462965,CCCCCCCCCCN,0.22077375946170932,CCCCCCCCCC[N+](C)(C)C.[Br-],0.014402859545835311,CCCCCCCCCCOS(=O)(=O)[O-].[Na+],0.05677039529015382,CCCCCCCCCCO,0.05992430613960681,CCCCCCCCCC(=O)OCC(CO)O,0.08830950378468373,2
CCCCCCCCCC(=O)O,0.34057255676205916,CCCCCCCCCC(=O)[O-],0.16781836130304362,CCCCCCCCCCN,0.06515301085882871,CCCCCCCCCC[N+](C)(C)C.[Br-],0.15547877591311401,CCCCCCCCCCOS(=O)(=O)[O-].[Na+],0.16781836130304362,CCCCCCCCCCO,0.07255676209278653,CCCCCCCCCC(=O)OCC(CO)O,0.030602171767025597,20
CCCCCCCCCC(=O)O,0.16351846630953892,CCCCCCCCCC(=O)[O-],0.05300253735550572,CCCCCCCCCCN,0.05751339159852749,CCCCCCCCCC[N+](C)(C)C.[Br-],0.4849168311248396,CCCCCCCCCCOS(=O)(=O)[O-].[Na+],0.14660276289820734,CCCCCCCCCCO,0.05666760642796089,CCCCCCCCCC(=O)OCC(CO)O,0.03777840428530728,0
CCCCCCCCCC(=O)O,0.13411908148749163,CCCCCCCCCC(=O)[O-],0.1788254419833222,CCCCCCCCCCN,0.39016460069088477,CCCCCCCCCC[N+](C)(C)C.[Br-],0.13411908148749163,CCCCCCCCCCOS(=O)(=O)[O-].[Na+],0.034952245478558415,CCCCCCCCCCO,0.1066856330014138,CCCCCCCCCC(=O)OCC(CO)O,0.021133915870756248,0
CCCCCCCCCC(=O)O,0.11995801469483883,CCCCCCCCCC(=O)[O-],0.05173189383714924,CCCCCCCCCCN,0.07872244714348796,CCCCCCCCCC[N+](C)(C)C.[Br-],0.00659769080821612,CCCCCCCCCCOS(=O)(=O)[O-].[Na+],0.4985754985754238,CCCCCCCCCCO,0.1686909581646171,CCCCCCCCCC(=O)OCC(CO)O,0.075723496776117,2
CCCCCCCCCC(=O)O,0.2733083535375557,CCCCCCCCCC(=O)[O-],0.30636984791709887,CCCCCCCCCCN,0.08816398501211475,CCCCCCCCCC[N+](C)(C)C.[Br-],0.0251267357284527,CCCCCCCCCCOS(=O)(=O)[O-].[Na+],0.12563367864226352,CCCCCCCCCCO,0.13026228785539956,CCCCCCCCCC(=O)OCC(CO)O,0.051135111307026554,2
CCCCCCCCCC(=O)O,0.18576570300706077,CCCCCCCCCC(=O)[O-],0.10391269011957462,CCCCCCCCCCN,0.4528039010797106,CCCCCCCCCC[N+](C)(C)C.[Br-],0.033670033670029756,CCCCCCCCCCOS(=O)(=O)[O-].[Na+],0.0957854406130157,CCCCCCCCCCO,0.12016718913269242,CCCCCCCCCC(=O)OCC(CO)O,0.007895042377800083,0
CCCCCCCCCC(=O)O,0.13497798820498919,CCCCCCCCCC(=O)[O-],0.2595730542403639,CCCCCCCCCCN,0.07475703962122478,CCCCCCCCCC[N+](C)(C)C.[Br-],0.1723565080156016,CCCCCCCCCCOS(=O)(=O)[O-].[Na+],0.2907218207492075,CCCCCCCCCCO,0.011961126339395957,CCCCCCCCCC(=O)OCC(CO)O,0.055652462829134004,12
CCCCCCCCCC(=O)O,0.18319646241312418,CCCCCCCCCC(=O)[O-],0.22109917877446028,CCCCCCCCCCN,0.1979364076647549,CCCCCCCCCC[N+](C)(C)C.[Br-],0.044640977047795787,CCCCCCCCCCOS(=O)(=O)[O-].[Na+],0.23162771109705357,CCCCCCCCCCO,0.06253948199620447,CCCCCCCCCC(=O)OCC(CO)O,0.05895978100652273,0
CCCCCCCCCC(=O)O,0.12321501427986564,CCCCCCCCCC(=O)[O-],0.171358629130939,CCCCCCCCCCN,0.17543859649119942,CCCCCCCCCC[N+](C)(C)C.[Br-],0.04814361485107331,CCCCCCCCCCOS(=O)(=O)[O-].[Na+],0.342717258261878,CCCCCCCCCCO,0.05997552019582864,CCCCCCCCCC(=O)OCC(CO)O,0.07915136678905277,0
CCCCCCCCCC(=O)O,0.3610108303248811,CCCCCCCCCC(=O)[O-],0.11306383147537487,CCCCCCCCCCN,0.16860395921766427,CCCCCCCCCC[N+](C)(C)C.[Br-],0.11703098345696697,CCCCCCCCCCOS(=O)(=O)[O-].[Na+],0.21025905502438133,CCCCCCCCCCO,0.017019082001030104,CCCCCCCCCC(=O)OCC(CO)O,0.013012258499622082,10
CCCCCCCCCC(=O)O,0.34605497330430324,CCCCCCCCCC(=O)[O-],0.3519873442752342,CCCCCCCCCCN,0.0929404785445843,CCCCCCCCCC[N+](C)(C)C.[Br-],0.11666996242830796,CCCCCCCCCCOS(=O)(=O)[O-].[Na+],0.08305319359303279,CCCCCCCCCCO,0.0020170061301165026,CCCCCCCCCC(=O)OCC(CO)O,0.0072770417243419195,2
CCCCCCCCCC(=O)O,0.08816661106609272,CCCCCCCCCC(=O)[O-],0.27879712147926616,CCCCCCCCCCN,0.09197922127435619,CCCCCCCCCC[N+](C)(C)C.[Br-],0.27403135871893686,CCCCCCCCCCOS(=O)(=O)[O-].[Na+],0.26449983319827813,CCCCCCCCCCO,0.000714864414049391,CCCCCCCCCC(=O)OCC(CO)O,0.0018109898489251381,3
CCCCCCCCCC(=O)O,0.4882295057148606,CCCCCCCCCC(=O)[O-],0.14684732419950847,CCCCCCCCCCN,0.05298614790703911,CCCCCCCCCC[N+](C)(C)C.[Br-],0.13095147982739672,CCCCCCCCCCOS(=O)(=O)[O-].[Na+],0.11732647036558665,CCCCCCCCCCO,0.019756263719624547,CCCCCCCCCC(=O)OCC(CO)O,0.04390280826583241,2
CCCCCCCCCC(=O)O,0.12841570852619807,CCCCCCCCCC(=O)[O-],0.06570106017619438,CCCCCCCCCCN,0.28669553531430275,CCCCCCCCCC[N+](C)(C)C.[Br-],0.17022547409286726,CCCCCCCCCCOS(=O)(=O)[O-].[Na+],0.2702702702702543,CCCCCCCCCCO,0.021950126922501305,CCCCCCCCCC(=O)OCC(CO)O,0.056741824697622414,10
CCCCCCCCCC(=O)O,0.08330013400455735,CCCCCCCCCC(=O)[O-],0.17927637535763438,CCCCCCCCCCN,0.27887436166743107,CCCCCCCCCC[N+](C)(C)C.[Br-],0.2987939589293906,CCCCCCCCCCOS(=O)(=O)[O-].[Na+],0.13400456339863576,CCCCCCCCCCO,0.02553330194487519,CCCCCCCCCC(=O)OCC(CO)O,0.00021730469740318588,0
CCCCCCCCCC(=O)O,0.01770284510010388,CCCCCCCCCC(=O)[O-],0.19810326659640057,CCCCCCCCCCN,0.20442571127500908,CCCCCCCCCC[N+](C)(C)C.[Br-],0.2845100105373838,CCCCCCCCCCOS(=O)(=O)[O-].[Na+],0.18756585879871973,CCCCCCCCCCO,0.05753424657533761,CCCCCCCCCC(=O)OCC(CO)O,0.05015806111696099,1
CCCCCCCCCC(=O)O,0.0846384538487058,CCCCCCCCCC(=O)[O-],0.026657780739749847,CCCCCCCCCCN,0.06331222925690591,CCCCCCCCCC[N+](C)(C)C.[Br-],0.0346551149616748,CCCCCCCCCCOS(=O)(=O)[O-].[Na+],0.5298233922025285,CCCCCCCCCCO,0.18893702099297716,CCCCCCCCCC(=O)OCC(CO)O,0.07197600799732462,1
CCCCCCCCCC(=O)O,0.24792622457016097,CCCCCCCCCC(=O)[O-],0.00991704898280643,CCCCCCCCCCN,0.25256035960885564,CCCCCCCCCC[N+](C)(C)C.[Br-],0.0,CCCCCCCCCCOS(=O)(=O)[O-].[Na+],0.3290235877473165,CCCCCCCCCCO,0.12998748783538347,CCCCCCCCCC(=O)OCC(CO)O,0.030585291255384346,0
CCCCCCCCCC(=O)O,0.03688860551962503,CCCCCCCCCC(=O)[O-],0.09791419983604173,CCCCCCCCCCN,0.3415611622187502,CCCCCCCCCC[N+](C)(C)C.[Br-],0.09563712542125007,CCCCCCCCCCOS(=O)(=O)[O-].[Na+],0.30057382275250016,CCCCCCCCCCO,0.10929957191000007,CCCCCCCCCC(=O)OCC(CO)O,0.01812551234174167,4
CCCCCCCCCC(=O)O,0.23597168339797342,CCCCCCCCCC(=O)[O-],0.004319481662200183,CCCCCCCCCCN,0.3859536855577022,CCCCCCCCCC[N+](C)(C)C.[Br-],0.021997360316760223,CCCCCCCCCCOS(=O)(=O)[O-].[Na+],0.2679678438587156,CCCCCCCCCCO,0.03659560852697384,CCCCCCCCCC(=O)OCC(CO)O,0.04719433667959467,6
CCCCCCCCCC(=O)O,0.013366463884840469,CCCCCCCCCC(=O)[O-],0.13966241110442298,CCCCCCCCCCN,0.2399108902407266,CCCCCCCCCC[N+](C)(C)C.[Br-],0.32130922800097317,CCCCCCCCCCOS(=O)(=O)[O-].[Na+],0.10967354982433217,CCCCCCCCCCO,0.052694713392159566,CCCCCCCCCC(=O)OCC(CO)O,0.12338274355237372,0
CCCCCCCCCC(=O)O,0.04537002603197539,CCCCCCCCCC(=O)[O-],0.1933804388248132,CCCCCCCCCCN,0.3644477500929172,CCCCCCCCCC[N+](C)(C)C.[Br-],0.05503904797321605,CCCCCCCCCCOS(=O)(=O)[O-].[Na+],0.18594272963924346,CCCCCCCCCCO,0.09259947936034324,CCCCCCCCCC(=O)OCC(CO)O,0.06322052807734276,0
CCCCCCCCCC(=O)O,0.19481531508128266,CCCCCCCCCC(=O)[O-],0.02337783780975391,CCCCCCCCCCN,0.10338199386980067,CCCCCCCCCC[N+](C)(C)C.[Br-],0.4935321315392494,CCCCCCCCCCOS(=O)(=O)[O-].[Na+],0.00280534053717046,CCCCCCCCCCO,0.11610992778844446,CCCCCCCCCC(=O)OCC(CO)O,0.06597745337419439,1
CCCCCCCCCC(=O)O,0.023854362837410364,CCCCCCCCCC(=O)[O-],0.5056845923135237,CCCCCCCCCCN,0.02399386203528994,CCCCCCCCCC[N+](C)(C)C.[Br-],0.09137197461113325,CCCCCCCCCCOS(=O)(=O)[O-].[Na+],0.20576131687239932,CCCCCCCCCCO,0.1370579619166999,CCCCCCCCCC(=O)OCC(CO)O,0.012275929413404147,0
CCCCCCCCCC(=O)O,0.25211926337324586,CCCCCCCCCC(=O)[O-],0.021192633732823547,CCCCCCCCCCN,0.0928091201402963,CCCCCCCCCC[N+](C)(C)C.[Br-],0.49693072201103533,CCCCCCCCCCOS(=O)(=O)[O-].[Na+],0.028646594562989094,CCCCCCCCCCO,0.04253142356035624,CCCCCCCCCC(=O)OCC(CO)O,0.06577024261910759,0
CCCCCCCCCC(=O)O,0.013782638932792074,CCCCCCCCCC(=O)[O-],0.35721059619392337,CCCCCCCCCCN,0.15173547448945415,CCCCCCCCCC[N+](C)(C)C.[Br-],0.2971486375418477,CCCCCCCCCCOS(=O)(=O)[O-].[Na+],0.01669090219383996,CCCCCCCCCCO,0.09578301827146793,CCCCCCCCCC(=O)OCC(CO)O,0.06764873237654832,0
CCCCCCCCCC(=O)O,0.016679113766490318,CCCCCCCCCC(=O)[O-],0.10331092855363412,CCCCCCCCCCN,0.43564849390086685,CCCCCCCCCC[N+](C)(C)C.[Br-],0.17114762260391198,CCCCCCCCCCOS(=O)(=O)[O-].[Na+],0.08215085884987774,CCCCCCCCCCO,0.10828976848392975,CCCCCCCCCC(=O)OCC(CO)O,0.0827732138411647,0
CCCCCCCCCC(=O)O,0.015639056120681512,CCCCCCCCCC(=O)[O-],0.08788319147462627,CCCCCCCCCCN,0.30793716697802126,CCCCCCCCCC[N+](C)(C)C.[Br-],0.07404331880145679,CCCCCCCCCCOS(=O)(=O)[O-].[Na+],0.2110580582658347,CCCCCCCCCCO,0.19825617604315296,CCCCCCCCCC(=O)OCC(CO)O,0.10518303231608815,0
CCCCCCCCCC(=O)O,0.010883953522575235,CCCCCCCCCC(=O)[O-],0.33828504191787934,CCCCCCCCCCN,0.2868068833651586,CCCCCCCCCC[N+](C)(C)C.[Br-],0.2463597587880209,CCCCCCCCCCOS(=O)(=O)[O-].[Na+],0.03971172231209887,CCCCCCCCCCO,0.008824827180466404,CCCCCCCCCC(=O)OCC(CO)O,0.0691278129136536,0
CCCCCCCCCC(=O)O,0.3600779462847818,CCCCCCCCCC(=O)[O-],0.13301702956873115,CCCCCCCCCCN,0.021858849445052616,CCCCCCCCCC[N+](C)(C)C.[Br-],0.28806235702782534,CCCCCCCCCCOS(=O)(=O)[O-].[Na+],0.04151486910106895,CCCCCCCCCCO,0.07243921037023256,CCCCCCCCCC(=O)OCC(CO)O,0.08302973820213792,0
CCCCCCCCCC(=O)O,0.022061358152358202,CCCCCCCCCC(=O)[O-],0.04205446397793283,CCCCCCCCCCN,0.5480868665976495,CCCCCCCCCC[N+](C)(C)C.[Br-],0.05101689072732836,CCCCCCCCCCOS(=O)(=O)[O-].[Na+],0.17580144777660453,CCCCCCCCCCO,0.05687693898654852,CCCCCCCCCC(=O)OCC(CO)O,0.10410203378144034,0
CCCCCCCCCC(=O)O,0.27229676400942826,CCCCCCCCCC(=O)[O-],0.04183109707970925,CCCCCCCCCCN,0.09707971586423092,CCCCCCCCCC[N+](C)(C)C.[Br-],0.2446724546171674,CCCCCCCCCCOS(=O)(=O)[O-].[Na+],0.08287292817678249,CCCCCCCCCCO,0.16574585635356504,CCCCCCCCCC(=O)OCC(CO)O,0.09550118389895888,0
CCCCCCCCCC(=O)O,0.00898520084566436,CCCCCCCCCC(=O)[O-],0.20260747004929477,CCCCCCCCCCN,0.042283298097244126,CCCCCCCCCC[N+](C)(C)C.[Br-],0.1761804087385172,CCCCCCCCCCOS(=O)(=O)[O-].[Na+],0.3083157152924052,CCCCCCCCCCO,0.1506342494714322,CCCCCCCCCC(=O)OCC(CO)O,0.11099365750526581,2
CCCCCCCCCC(=O)O,0.03741496598638946,CCCCCCCCCC(=O)[O-],0.17687074829929567,CCCCCCCCCCN,0.21428571428568519,CCCCCCCCCC[N+](C)(C)C.[Br-],0.24829931972785738,CCCCCCCCCCOS(=O)(=O)[O-].[Na+],0.06802721088434449,CCCCCCCCCCO,0.17346938775507845,CCCCCCCCCC(=O)OCC(CO)O,0.08163265306121338,0
CCCCCCCCCC(=O)O,0.004515764857672008,CCCCCCCCCC(=O)[O-],0.06209176679299054,CCCCCCCCCCN,0.12015160067734537,CCCCCCCCCC[N+](C)(C)C.[Br-],0.35481009595994606,CCCCCCCCCCOS(=O)(=O)[O-].[Na+],0.16530924925406576,CCCCCCCCCCO,0.18022740101601803,CCCCCCCCCC(=O)OCC(CO)O,0.11289412144180101,0
CCCCCCCCCC(=O)O,0.3602451013399285,CCCCCCCCCC(=O)[O-],0.03636118779879651,CCCCCCCCCCN,0.1750723856979092,CCCCCCCCCC[N+](C)(C)C.[Br-],0.18180593899398262,CCCCCCCCCCOS(=O)(=O)[O-].[Na+],0.01791125176755531,CCCCCCCCCCO,0.11413372836844467,CCCCCCCCCC(=O)OCC(CO)O,0.11447040603324833,0
CCCCCCCCCC(=O)O,0.346901017576254,CCCCCCCCCC(=O)[O-],0.07493061979647088,CCCCCCCCCCN,0.06845513413504743,CCCCCCCCCC[N+](C)(C)C.[Br-],0.05550416281220062,CCCCCCCCCCOS(=O)(=O)[O-].[Na+],0.2867715078630367,CCCCCCCCCCO,0.0971322849213511,CCCCCCCCCC(=O)OCC(CO)O,0.07030527289545413,0
CCCCCCCCCC(=O)O,0.012462571821637522,CCCCCCCCCC(=O)[O-],0.04450918507727691,CCCCCCCCCCN,0.007121469612364291,CCCCCCCCCC[N+](C)(C)C.[Br-],0.5826656955570798,CCCCCCCCCCOS(=O)(=O)[O-].[Na+],0.13676458687381454,CCCCCCCCCCO,0.0691915513474032,CCCCCCCCCC(=O)OCC(CO)O,0.14728493971026183,13
CCCCCCCCCC(=O)O,0.03451581975071466,CCCCCCCCCC(=O)[O-],0.021093000958770078,CCCCCCCCCCN,0.4761904761904154,CCCCCCCCCC[N+](C)(C)C.[Br-],0.08245445829337393,CCCCCCCCCCOS(=O)(=O)[O-].[Na+],0.1789709172259279,CCCCCCCCCCO,0.1562799616490692,CCCCCCCCCC(=O)OCC(CO)O,0.05049536593160108,0
CCCCCCCCCC(=O)O,0.05747572815533085,CCCCCCCCCC(=O)[O-],0.23300970873782792,CCCCCCCCCCN,0.06291262135921352,CCCCCCCCCC[N+](C)(C)C.[Br-],0.07145631067960054,CCCCCCCCCCOS(=O)(=O)[O-].[Na+],0.3067961165048067,CCCCCCCCCCO,0.2108737864077342,CCCCCCCCCC(=O)OCC(CO)O,0.05747572815533085,0
CCCCCCCCCC(=O)O,0.46003740963546225,CCCCCCCCCC(=O)[O-],0.0021232495829328927,CCCCCCCCCCN,0.16682675294472807,CCCCCCCCCC[N+](C)(C)C.[Br-],0.15924371871996773,CCCCCCCCCCOS(=O)(=O)[O-].[Na+],0.0017188210909456832,CCCCCCCCCCO,0.13270309893330642,CCCCCCCCCC(=O)OCC(CO)O,0.07734694909255574,0
CCCCCCCCCC(=O)O,0.08518021926018059,CCCCCCCCCC(=O)[O-],0.3075952362173188,CCCCCCCCCCN,0.04889975550121477,CCCCCCCCCC[N+](C)(C)C.[Br-],0.0022083760548935395,CCCCCCCCCCOS(=O)(=O)[O-].[Na+],0.46927991166488386,CCCCCCCCCCO,0.032415805662902024,CCCCCCCCCC(=O)OCC(CO)O,0.05442069563844871,0
CCCCCCCCCC(=O)O,0.009855417772241302,CCCCCCCCCC(=O)[O-],0.4169599826717477,CCCCCCCCCCN,0.21931012075591938,CCCCCCCCCC[N+](C)(C)C.[Br-],0.027616830021115767,CCCCCCCCCCOS(=O)(=O)[O-].[Na+],0.1137163589104767,CCCCCCCCCCO,0.14864352629012312,CCCCCCCCCC(=O)OCC(CO)O,0.06389776357826785,0
CCCCCCCCCC(=O)O,0.0030099876864135853,CCCCCCCCCC(=O)[O-],0.22916951703376268,CCCCCCCCCCN,0.19838555205907807,CCCCCCCCCC[N+](C)(C)C.[Br-],0.01669174989738449,CCCCCCCCCCOS(=O)(=O)[O-].[Na+],0.3523053769325007,CCCCCCCCCCO,0.14160623888354884,CCCCCCCCCC(=O)OCC(CO)O,0.05883157750717487,2
CCCCCCCCCC(=O)O,0.28054862842889594,CCCCCCCCCC(=O)[O-],0.0600770800271979,CCCCCCCCCCN,0.5384266606211132,CCCCCCCCCC[N+](C)(C)C.[Br-],0.07991385173429154,CCCCCCCCCCOS(=O)(=O)[O-].[Na+],0.011108592155972432,CCCCCCCCCCO,0.020743595556560763,CCCCCCCCCC(=O)OCC(CO)O,0.009181591475854763,0
CCCCCCCCCC(=O)O,0.018763941739926654,CCCCCCCCCC(=O)[O-],0.08266631675632033,CCCCCCCCCCN,0.255871932817182,CCCCCCCCCC[N+](C)(C)C.[Br-],0.5314263220049165,CCCCCCCCCCOS(=O)(=O)[O-].[Na+],0.03608450334601283,CCCCCCCCCCO,0.016139614223852992,CCCCCCCCCC(=O)OCC(CO)O,0.05904736911165737,2
CCCCCCCCCC(=O)O,0.4635761589403206,CCCCCCCCCC(=O)[O-],0.12168874172183416,CCCCCCCCCCN,0.04387417218542319,CCCCCCCCCC[N+](C)(C)C.[Br-],0.1266556291390519,CCCCCCCCCCOS(=O)(=O)[O-].[Na+],0.06539735099336665,CCCCCCCCCCO,0.0745033112582658,CCCCCCCCCC(=O)OCC(CO)O,0.10430463576157213,0
CCCCCCCCCC(=O)O,0.08003735076367904,CCCCCCCCCC(=O)[O-],0.013206162876007028,CCCCCCCCCCN,0.4602147668911545,CCCCCCCCCC[N+](C)(C)C.[Br-],0.035349829920624895,CCCCCCCCCCOS(=O)(=O)[O-].[Na+],0.23677716267588395,CCCCCCCCCCO,0.1490695657973522,CCCCCCCCCC(=O)OCC(CO)O,0.025345161075165032,0
CCCCCCCCCC(=O)O,0.3499052339990742,CCCCCCCCCC(=O)[O-],0.30616707974918994,CCCCCCCCCCN,0.034261554162409336,CCCCCCCCCC[N+](C)(C)C.[Br-],0.06852310832481869,CCCCCCCCCCOS(=O)(=O)[O-].[Na+],0.06633620061232447,CCCCCCCCCCO,0.1574573552995834,CCCCCCCCCC(=O)OCC(CO)O,0.017349467852454083,0
CCCCCCCCCC(=O)O,0.4952842615521898,CCCCCCCCCC(=O)[O-],0.05427050951050589,CCCCCCCCCCN,0.20812476948203718,CCCCCCCCCC[N+](C)(C)C.[Br-],0.05479740766109332,CCCCCCCCCCOS(=O)(=O)[O-].[Na+],0.017598398229620334,CCCCCCCCCCO,0.14305284788448883,CCCCCCCCCC(=O)OCC(CO)O,0.026871805679959226,0
CCCCCCCCCC(=O)O,0.3100668366291862,CCCCCCCCCC(=O)[O-],0.03789705781023386,CCCCCCCCCCN,0.2652794046716371,CCCCCCCCCC[N+](C)(C)C.[Br-],0.044098394542817596,CCCCCCCCCCOS(=O)(=O)[O-].[Na+],0.13711844553157346,CCCCCCCCCCO,0.18087232136702527,CCCCCCCCCC(=O)OCC(CO)O,0.02466753944738858,0
CCCCCCCCCC(=O)O,0.10842293906808094,CCCCCCCCCC(=O)[O-],0.17025089605731716,CCCCCCCCCCN,0.09318996415768939,CCCCCCCCCC[N+](C)(C)C.[Br-],0.2240143369175226,CCCCCCCCCCOS(=O)(=O)[O-].[Na+],0.18369175627236853,CCCCCCCCCCO,0.17204301075265735,CCCCCCCCCC(=O)OCC(CO)O,0.048387096774184866,0
CCCCCCCCCC(=O)O,0.027884669008975745,CCCCCCCCCC(=O)[O-],0.07807707322513212,CCCCCCCCCCN,0.5381741118732322,CCCCCCCCCC[N+](C)(C)C.[Br-],0.11990407673859575,CCCCCCCCCCOS(=O)(=O)[O-].[Na+],0.11711560983769818,CCCCCCCCCCO,0.1129329094863518,CCCCCCCCCC(=O)OCC(CO)O,0.00591154982990285,0
CCCCCCCCCC(=O)O,0.008256795621114355,CCCCCCCCCC(=O)[O-],0.13684015214768191,CCCCCCCCCCN,0.40820113183037315,CCCCCCCCCC[N+](C)(C)C.[Br-],0.24352908433062037,CCCCCCCCCCOS(=O)(=O)[O-].[Na+],0.04592262733091697,CCCCCCCCCCO,0.13776788199275095,CCCCCCCCCC(=O)OCC(CO)O,0.019482326746449626,0
CCCCCCCCCC(=O)O,0.22093813732151243,CCCCCCCCCC(=O)[O-],0.026852481305229974,CCCCCCCCCCN,0.009517335146157425,CCCCCCCCCC[N+](C)(C)C.[Br-],0.118116927260347,CCCCCCCCCCOS(=O)(=O)[O-].[Na+],0.3823929299795408,CCCCCCCCCCO,0.23198504418758806,CCCCCCCCCC(=O)OCC(CO)O,0.010197144799454404,0
CCCCCCCCCC(=O)O,0.023940505297471062,CCCCCCCCCC(=O)[O-],0.4380603096984068,CCCCCCCCCCN,0.30052974735123267,CCCCCCCCCC[N+](C)(C)C.[Br-],0.017420537897308738,CCCCCCCCCCOS(=O)(=O)[O-].[Na+],0.08302770986144221,CCCCCCCCCCO,0.09932762836184807,CCCCCCCCCC(=O)OCC(CO)O,0.03769356153218848,0
CCCCCCCCCC(=O)O,0.07866023851813263,CCCCCCCCCC(=O)[O-],0.08056330880486164,CCCCCCCCCCN,0.40281654402430817,CCCCCCCCCC[N+](C)(C)C.[Br-],0.24422735346355695,CCCCCCCCCCOS(=O)(=O)[O-].[Na+],0.06724181679775854,CCCCCCCCCCO,0.11037807663028287,CCCCCCCCCC(=O)OCC(CO)O,0.016112661760972313,0
CCCCCCCCCC(=O)O,0.5183220829314708,CCCCCCCCCC(=O)[O-],0.27422854387653395,CCCCCCCCCCN,0.017960462873671885,CCCCCCCCCC[N+](C)(C)C.[Br-],0.030737704918029084,CCCCCCCCCCOS(=O)(=O)[O-].[Na+],0.002049180327868606,CCCCCCCCCCO,0.1012536162005664,CCCCCCCCCC(=O)OCC(CO)O,0.05544840887173874,0
CCCCCCCCCC(=O)O,0.07224515719274811,CCCCCCCCCC(=O)[O-],0.11432200698632673,CCCCCCCCCCN,0.014766592569067186,CCCCCCCCCC[N+](C)(C)C.[Br-],0.33343918704345293,CCCCCCCCCCOS(=O)(=O)[O-].[Na+],0.14210860590661448,CCCCCCCCCCO,0.23102572245153524,CCCCCCCCCC(=O)OCC(CO)O,0.09209272785009652,0
CCCCCCCCCC(=O)O,0.5990304709140444,CCCCCCCCCC(=O)[O-],0.10872576177283812,CCCCCCCCCCN,0.07825484764541851,CCCCCCCCCC[N+](C)(C)C.[Br-],0.06232686980608553,CCCCCCCCCCOS(=O)(=O)[O-].[Na+],0.029778393351796415,CCCCCCCCCCO,0.06648199445982458,CCCCCCCCCC(=O)OCC(CO)O,0.055401662049853806,0
CCCCCCCCCC(=O)O,0.4943776657618274,CCCCCCCCCC(=O)[O-],0.12214036448233381,CCCCCCCCCCN,0.022489336952302697,CCCCCCCCCC[N+](C)(C)C.[Br-],0.19872043427681296,CCCCCCCCCCOS(=O)(=O)[O-].[Na+],0.11535478867775972,CCCCCCCCCCO,0.017448623497476244,CCCCCCCCCC(=O)OCC(CO)O,0.02946878635129324,0
CCCCCCCCCC(=O)O,0.46471486423681013,CCCCCCCCCC(=O)[O-],0.3817300670516654,CCCCCCCCCCN,0.0029210648609170786,CCCCCCCCCC[N+](C)(C)C.[Br-],0.011285932417179659,CCCCCCCCCCOS(=O)(=O)[O-].[Na+],0.021509659430389495,CCCCCCCCCCO,0.04481179047997812,CCCCCCCCCC(=O)OCC(CO)O,0.0730266215229273,0
CCCCCCCCCC(=O)O,0.23269729406286385,CCCCCCCCCC(=O)[O-],0.028588524699151827,CCCCCCCCCCN,0.5518250116347914,CCCCCCCCCC[N+](C)(C)C.[Br-],0.09440861644836188,CCCCCCCCCCOS(=O)(=O)[O-].[Na+],0.03789641646166639,CCCCCCCCCCO,0.011368924938499917,CCCCCCCCCC(=O)OCC(CO)O,0.043215211754531836,0
CCCCCCCCCC(=O)O,0.010824393544021357,CCCCCCCCCC(=O)[O-],0.26336136078087735,CCCCCCCCCCN,0.4832318546438115,CCCCCCCCCC[N+](C)(C)C.[Br-],0.1449695563931435,CCCCCCCCCCOS(=O)(=O)[O-].[Na+],0.026094520150765813,CCCCCCCCCCO,0.04349086691794303,CCCCCCCCCC(=O)OCC(CO)O,0.02802744756934106,0
CCCCCCCCCC(=O)O,0.06962110054892626,CCCCCCCCCC(=O)[O-],0.036818851251835996,CCCCCCCCCCN,0.4217432052483034,CCCCCCCCCC[N+](C)(C)C.[Br-],0.017940822064530987,CCCCCCCCCCOS(=O)(=O)[O-].[Na+],0.25103762217160913,CCCCCCCCCCO,0.15463917525771123,CCCCCCCCCC(=O)OCC(CO)O,0.048199223456948936,0
CCCCCCCCCC(=O)O,0.035204855842180846,CCCCCCCCCC(=O)[O-],0.0406676783004503,CCCCCCCCCCN,0.23975720789071445,CCCCCCCCCC[N+](C)(C)C.[Br-],0.5037936267070708,CCCCCCCCCCOS(=O)(=O)[O-].[Na+],0.035204855842180846,CCCCCCCCCCO,0.06464339908952173,CCCCCCCCCC(=O)OCC(CO)O,0.08072837632775955,7
CCCCCCCCCC(=O)O,0.11291212927183089,CCCCCCCCCC(=O)[O-],0.44663020023079775,CCCCCCCCCCN,0.42153861594816866,CCCCCCCCCC[N+](C)(C)C.[Br-],0.004014653485220644,CCCCCCCCCCOS(=O)(=O)[O-].[Na+],0.0007025643599135944,CCCCCCCCCCO,0.0016560445626535097,CCCCCCCCCC(=O)OCC(CO)O,0.012545792141314533,0
CCCCCCCCCC(=O)O,0.0694037963040272,CCCCCCCCCC(=O)[O-],0.02709256626807809,CCCCCCCCCCN,0.3595618362738758,CCCCCCCCCC[N+](C)(C)C.[Br-],0.38046659419677564,CCCCCCCCCCOS(=O)(=O)[O-].[Na+],0.10619617024833078,CCCCCCCCCCO,0.023831424032105725,CCCCCCCCCC(=O)OCC(CO)O,0.0334476126766396,0
CCCCCCCCCC(=O)O,0.1890796835809012,CCCCCCCCCC(=O)[O-],0.07138722747442186,CCCCCCCCCCN,0.027204321821333727,CCCCCCCCCC[N+](C)(C)C.[Br-],0.16206830021220103,CCCCCCCCCCOS(=O)(=O)[O-].[Na+],0.4630522863205744,CCCCCCCCCCO,0.07524599652709334,CCCCCCCCCC(=O)OCC(CO)O,0.011962184063281487,28
CCCCCCCCCC(=O)O,0.2632118684623965,CCCCCCCCCC(=O)[O-],0.1674984617487978,CCCCCCCCCCN,0.17775346961096908,CCCCCCCCCC[N+](C)(C)C.[Br-],0.10596841457577001,CCCCCCCCCCOS(=O)(=O)[O-].[Na+],0.19142681342719742,CCCCCCCCCCO,0.08716756682845599,CCCCCCCCCC(=O)OCC(CO)O,0.006973405346276465,4
CCCCCCCCCC(=O)O,0.44868199663480113,CCCCCCCCCC(=O)[O-],0.0272948214619504,CCCCCCCCCCN,0.015516919050286852,CCCCCCCCCC[N+](C)(C)C.[Br-],0.13834361562906367,CCCCCCCCCCOS(=O)(=O)[O-].[Na+],0.24770985230879644,CCCCCCCCCCO,0.030846887268642577,CCCCCCCCCC(=O)OCC(CO)O,0.0916059076462719,68
CCCCCCCCCC(=O)O,0.2478465789045591,CCCCCCCCCC(=O)[O-],0.15602145294975525,CCCCCCCCCCN,0.1787745815049279,CCCCCCCCCC[N+](C)(C)C.[Br-],0.1048269137006168,CCCCCCCCCCOS(=O)(=O)[O-].[Na+],0.20315293352832714,CCCCCCCCCCO,0.03461725987322693,CCCCCCCCCC(=O)OCC(CO)O,0.07476027953842439,72
CCCCCCCCCC(=O)O,0.26361376817048077,CCCCCCCCCC(=O)[O-],0.24855012427502465,CCCCCCCCCCN,0.002108910145363816,CCCCCCCCCC[N+](C)(C)C.[Br-],0.05950139338705135,CCCCCCCCCCOS(=O)(=O)[O-].[Na+],0.33893198764776095,CCCCCCCCCCO,0.08247345032762182,CCCCCCCCCC(=O)OCC(CO)O,0.004820366046545918,29
CCCCCCCCCC(=O)O,0.2025705504330536,CCCCCCCCCC(=O)[O-],0.3317965912265533,CCCCCCCCCCN,0.026264319642354535,CCCCCCCCCC[N+](C)(C)C.[Br-],0.20606314613017523,CCCCCCCCCCOS(=O)(=O)[O-].[Na+],0.12503492595695379,CCCCCCCCCCO,0.07124895222128093,CCCCCCCCCC(=O)OCC(CO)O,0.03702151438948909,46
CCCCCCCCCC(=O)O,0.39138943248525326,CCCCCCCCCC(=O)[O-],0.18235189468062932,CCCCCCCCCCN,0.0035580857498659206,CCCCCCCCCC[N+](C)(C)C.[Br-],0.08450453655931603,CCCCCCCCCCOS(=O)(=O)[O-].[Na+],0.2979896815512724,CCCCCCCCCCO,0.014943960149436905,CCCCCCCCCC(=O)OCC(CO)O,0.025262408824048146,0
CCCCCCCCCC(=O)O,0.27752406379536604,CCCCCCCCCC(=O)[O-],0.13278999508183337,CCCCCCCCCCN,0.22834258413542774,CCCCCCCCCC[N+](C)(C)C.[Br-],0.019532073350661205,CCCCCCCCCCOS(=O)(=O)[O-].[Na+],0.28103702662821883,CCCCCCCCCCO,0.0516405536429352,CCCCCCCCCC(=O)OCC(CO)O,0.009133703365417096,2
CCCCCCCCCC(=O)O,0.3191919191918677,CCCCCCCCCC(=O)[O-],0.09292929292927792,CCCCCCCCCCN,0.075151515151503,CCCCCCCCCC[N+](C)(C)C.[Br-],0.06949494949493826,CCCCCCCCCCOS(=O)(=O)[O-].[Na+],0.2747474747474303,CCCCCCCCCCO,0.0957575757575603,CCCCCCCCCC(=O)OCC(CO)O,0.07272727272726097,5
CCCCCCCCCC(=O)O,0.34920634920630006,CCCCCCCCCC(=O)[O-],0.31040564373893326,CCCCCCCCCCN,0.08536155202820664,CCCCCCCCCC[N+](C)(C)C.[Br-],0.0902998236331442,CCCCCCCCCCOS(=O)(=O)[O-].[Na+],0.10582010582009088,CCCCCCCCCCO,0.009523809523808165,CCCCCCCCCC(=O)OCC(CO)O,0.04938271604937572,2
CCCCCCCCCC(=O)O,0.09105077516198982,CCCCCCCCCC(=O)[O-],0.2009679271593469,CCCCCCCCCCN,0.12878352883272434,CCCCCCCCCC[N+](C)(C)C.[Br-],0.34451644655888036,CCCCCCCCCCOS(=O)(=O)[O-].[Na+],0.13862685587726378,CCCCCCCCCCO,0.02140923632187323,CCCCCCCCCC(=O)OCC(CO)O,0.0746452300877574,5
CCCCCCCCCC(=O)O,0.1284479209551044,CCCCCCCCCC(=O)[O-],0.25936599423626855,CCCCCCCCCCN,0.11692054343349245,CCCCCCCCCC[N+](C)(C)C.[Br-],0.25936599423626855,CCCCCCCCCCOS(=O)(=O)[O-].[Na+],0.197612186084776,CCCCCCCCCCO,0.019514203375871612,CCCCCCCCCC(=O)OCC(CO)O,0.018773157678053702,70
CCCCCCCCCC(=O)O,0.057167985927870306,CCCCCCCCCC(=O)[O-],0.13104661389619504,CCCCCCCCCCN,0.12049252418643437,CCCCCCCCCC[N+](C)(C)C.[Br-],0.12137203166224778,CCCCCCCCCCOS(=O)(=O)[O-].[Na+],0.41776605101136005,CCCCCCCCCCO,0.07124010554088456,CCCCCCCCCC(=O)OCC(CO)O,0.08091468777483185,25
CCCCCCCCCC(=O)O,0.33247838890465803,CCCCCCCCCC(=O)[O-],0.058896171748825096,CCCCCCCCCCN,0.02678825876317528,CCCCCCCCCC[N+](C)(C)C.[Br-],0.13299135556186317,CCCCCCCCCCOS(=O)(=O)[O-].[Na+],0.3704759190651903,CCCCCCCCCCO,0.055001424907370554,CCCCCCCCCC(=O)OCC(CO)O,0.023368481048727366,2
CCCCCCCCCC(=O)O,0.34469403563124024,CCCCCCCCCC(=O)[O-],0.21301316808672144,CCCCCCCCCCN,0.034856700232372584,CCCCCCCCCC[N+](C)(C)C.[Br-],0.15879163439191962,CCCCCCCCCCOS(=O)(=O)[O-].[Na+],0.1425251742834791,CCCCCCCCCCO,0.05112316034081315,CCCCCCCCCC(=O)OCC(CO)O,0.05499612703329899,24
CCCCCCCCCC(=O)O,0.14314720812179837,CCCCCCCCCC(=O)[O-],0.137055837563424,CCCCCCCCCCN,0.04365482233501651,CCCCCCCCCC[N+](C)(C)C.[Br-],0.11573604060911356,CCCCCCCCCCOS(=O)(=O)[O-].[Na+],0.4568527918780799,CCCCCCCCCCO,0.024365482233497576,CCCCCCCCCC(=O)OCC(CO)O,0.07918781725886719,540
CCCCCCCCCC(=O)O,0.11503754219189707,CCCCCCCCCC(=O)[O-],0.15154646276776862,CCCCCCCCCCN,0.30309292553553724,CCCCCCCCCC[N+](C)(C)C.[Br-],0.10677137149547333,CCCCCCCCCCOS(=O)(=O)[O-].[Na+],0.25142935868288885,CCCCCCCCCCO,0.05682992353791322,CCCCCCCCCC(=O)OCC(CO)O,0.01529241578838391,56
CCCCCCCCCC(=O)O,0.3161570403925414,CCCCCCCCCC(=O)[O-],0.11985654964135148,CCCCCCCCCCN,0.0604001510003661,CCCCCCCCCC[N+](C)(C)C.[Br-],0.11136277840692499,CCCCCCCCCCOS(=O)(=O)[O-].[Na+],0.3633446583615773,CCCCCCCCCCO,0.021517553793880383,CCCCCCCCCC(=O)OCC(CO)O,0.0073612684031696,0
CCCCCCCCCC(=O)O,0.2507482002749736,CCCCCCCCCC(=O)[O-],0.3235460648709337,CCCCCCCCCCN,0.014236026854321062,CCCCCCCCCC[N+](C)(C)C.[Br-],0.05338510070370405,CCCCCCCCCCOS(=O)(=O)[O-].[Na+],0.3073687616273869,CCCCCCCCCCO,0.020140742538215604,CCCCCCCCCC(=O)OCC(CO)O,0.03057510313030321,30
CCCCCCCCCC(=O)O,0.3278552456838766,CCCCCCCCCC(=O)[O-],0.08798140770250865,CCCCCCCCCCN,0.14940239043822223,CCCCCCCCCC[N+](C)(C)C.[Br-],0.1743027888445926,CCCCCCCCCCOS(=O)(=O)[O-].[Na+],0.15770252324034567,CCCCCCCCCCO,0.03635458167330069,CCCCCCCCCC(=O)OCC(CO)O,0.06640106241698765,21
CCCCCCCCCC(=O)O,0.37784627622543937,CCCCCCCCCC(=O)[O-],0.0011931987670276835,CCCCCCCCCCN,0.05667694143381591,CCCCCCCCCC[N+](C)(C)C.[Br-],0.16605349507802206,CCCCCCCCCCOS(=O)(=O)[O-].[Na+],0.3579596301083111,CCCCCCCCCCO,0.025355473799338675,CCCCCCCCCC(=O)OCC(CO)O,0.014914984587846273,3
CCCCCCCCCC(=O)O,0.26217228464415554,CCCCCCCCCC(=O)[O-],0.23595505617973997,CCCCCCCCCCN,0.05767790262171418,CCCCCCCCCC[N+](C)(C)C.[Br-],0.08464419475654161,CCCCCCCCCCOS(=O)(=O)[O-].[Na+],0.21722846441944307,CCCCCCCCCCO,0.08539325842695349,CCCCCCCCCC(=O)OCC(CO)O,0.05692883895130231,132
CCCCCCCCCC(=O)O,0.2955377955377464,CCCCCCCCCC(=O)[O-],0.02514152514152095,CCCCCCCCCCN,0.08325008325006937,CCCCCCCCCC[N+](C)(C)C.[Br-],0.09823509823508185,CCCCCCCCCCOS(=O)(=O)[O-].[Na+],0.33300033300027754,CCCCCCCCCCO,0.11988011988009992,CCCCCCCCCC(=O)OCC(CO)O,0.044955044955037445,26
CCCCCCCCCC(=O)O,0.37093690248560296,CCCCCCCCCC(=O)[O-],0.013919694072655602,CCCCCCCCCCN,0.18738049713190255,CCCCCCCCCC[N+](C)(C)C.[Br-],0.05353728489482927,CCCCCCCCCCOS(=O)(=O)[O-].[Na+],0.2868068833651569,CCCCCCCCCCO,0.06768642447417704,CCCCCCCCCC(=O)OCC(CO)O,0.01973231357552278,0
CCCCCCCCCC(=O)O,0.1365565602509436,CCCCCCCCCC(=O)[O-],0.1319431629451685,CCCCCCCCCCN,0.020114412253179514,CCCCCCCCCC[N+](C)(C)C.[Br-],0.1439379959401838,CCCCCCCCCCOS(=O)(=O)[O-].[Na+],0.42443255213131115,CCCCCCCCCCO,0.08857722827088234,CCCCCCCCCC(=O)OCC(CO)O,0.05443808820814641,670
CCCCCCCCCC(=O)O,0.16904428135562477,CCCCCCCCCC(=O)[O-],0.01418322750886216,CCCCCCCCCCN,0.23501278139684423,CCCCCCCCCC[N+](C)(C)C.[Br-],0.27212006267003014,CCCCCCCCCCOS(=O)(=O)[O-].[Na+],0.18965943761850584,CCCCCCCCCCO,0.05813474066132462,CCCCCCCCCC(=O)OCC(CO)O,0.06184546878864319,76
CCCCCCCCCC(=O)O,0.2472893285143148,CCCCCCCCCC(=O)[O-],0.06277344493055682,CCCCCCCCCCN,0.010842685942550705,CCCCCCCCCC[N+](C)(C)C.[Br-],0.2568004565340961,CCCCCCCCCCOS(=O)(=O)[O-].[Na+],0.2996005326231122,CCCCCCCCCCO,0.07989347536616322,CCCCCCCCCC(=O)OCC(CO)O,0.042800076089015995,134
CCCCCCCCCC(=O)O,0.1191489361701874,CCCCCCCCCC(=O)[O-],0.05744680851062604,CCCCCCCCCCN,0.08085106382976999,CCCCCCCCCC[N+](C)(C)C.[Br-],0.29255319148929937,CCCCCCCCCCOS(=O)(=O)[O-].[Na+],0.37234042553183566,CCCCCCCCCCO,0.025531914893611563,CCCCCCCCCC(=O)OCC(CO)O,0.05212765957445696,752
CCCCCCCCCC(=O)O,0.025776980177824323,CCCCCCCCCC(=O)[O-],0.13214780977239052,CCCCCCCCCCN,0.2569540745574261,CCCCCCCCCC[N+](C)(C)C.[Br-],0.28958316339011514,CCCCCCCCCCOS(=O)(=O)[O-].[Na+],0.24063953014108153,CCCCCCCCCCO,0.012480626478503534,CCCCCCCCCC(=O)OCC(CO)O,0.04241781548249571,24
CCCCCCCCCC(=O)O,0.15284580307377926,CCCCCCCCCC(=O)[O-],0.08528964701907019,CCCCCCCCCCN,0.22377976693122376,CCCCCCCCCC[N+](C)(C)C.[Br-],0.3462252997803841,CCCCCCCCCCOS(=O)(=O)[O-].[Na+],0.1266677926025795,CCCCCCCCCCO,0.001013342340820619,CCCCCCCCCC(=O)OCC(CO)O,0.06417834825197359,1
CCCCCCCCCC(=O)O,0.28654217643267405,CCCCCCCCCC(=O)[O-],0.19639407598194508,CCCCCCCCCCN,0.18029620090145776,CCCCCCCCCC[N+](C)(C)C.[Br-],0.08628461043141195,CCCCCCCCCCOS(=O)(=O)[O-].[Na+],0.11526078557628909,CCCCCCCCCCO,0.07533805537668058,CCCCCCCCCC(=O)OCC(CO)O,0.05988409529941276,18
CCCCCCCCCC(=O)O,0.19068736141903492,CCCCCCCCCC(=O)[O-],0.04434589800442671,CCCCCCCCCCN,0.20399113082036294,CCCCCCCCCC[N+](C)(C)C.[Br-],0.09578713968956172,CCCCCCCCCCOS(=O)(=O)[O-].[Na+],0.42572062084249657,CCCCCCCCCCO,0.03804878048779812,CCCCCCCCCC(=O)OCC(CO)O,0.0014190687361416376,22
CCCCCCCCCC(=O)O,0.17464902263717677,CCCCCCCCCC(=O)[O-],0.19480083294146638,CCCCCCCCCCN,0.29220124941219955,CCCCCCCCCC[N+](C)(C)C.[Br-],0.0980721434808762,CCCCCCCCCCOS(=O)(=O)[O-].[Na+],0.1847249277893216,CCCCCCCCCCO,0.03969906629945057,CCCCCCCCCC(=O)OCC(CO)O,0.015852757439374494,27
CCCCCCCCCC(=O)O,0.20746887966802482,CCCCCCCCCC(=O)[O-],0.18040772145045642,CCCCCCCCCCN,0.2465572193156238,CCCCCCCCCC[N+](C)(C)C.[Br-],0.29165914967823775,CCCCCCCCCCOS(=O)(=O)[O-].[Na+],0.029466594503574528,CCCCCCCCCCO,0.014973840880387867,CCCCCCCCCC(=O)OCC(CO)O,0.029466594503574528,5
CCCCCCCCCC(=O)O,0.17999162829632814,CCCCCCCCCC(=O)[O-],0.1498534951862453,CCCCCCCCCCN,0.0179154457932159,CCCCCCCCCC[N+](C)(C)C.[Br-],0.24277940560900074,CCCCCCCCCCOS(=O)(=O)[O-].[Na+],0.2804520719966044,CCCCCCCCCCO,0.11427375470906415,CCCCCCCCCC(=O)OCC(CO)O,0.014734198409373822,294
CCCCCCCCCC(=O)O,0.20883608687577337,CCCCCCCCCC(=O)[O-],0.2320400965286371,CCCCCCCCCCN,0.06868386857247656,CCCCCCCCCC[N+](C)(C)C.[Br-],0.11880452942266218,CCCCCCCCCCOS(=O)(=O)[O-].[Na+],0.30629292741780095,CCCCCCCCCCO,0.010581028401705815,CCCCCCCCCC(=O)OCC(CO)O,0.05476146278075833,231
CCCCCCCCCC(=O)O,0.16545085357596967,CCCCCCCCCC(=O)[O-],0.07370083477475012,CCCCCCCCCCN,0.3384222004963016,CCCCCCCCCC[N+](C)(C)C.[Br-],0.09776641347670935,CCCCCCCCCCOS(=O)(=O)[O-].[Na+],0.2519365270361357,CCCCCCCCCCO,0.03587275325260797,CCCCCCCCCC(=O)OCC(CO)O,0.03685041738737505,3
CCCCCCCCCC(=O)O,0.24905023216542865,CCCCCCCCCC(=O)[O-],0.2321654706626877,CCCCCCCCCCN,0.11819333051918646,CCCCCCCCCC[N+](C)(C)C.[Br-],0.04136766568171525,CCCCCCCCCCOS(=O)(=O)[O-].[Na+],0.3208104685520775,CCCCCCCCCCO,0.008357956943856723,CCCCCCCCCC(=O)OCC(CO)O,0.03005487547487883,5
CCCCCCCCCC(=O)O,0.11855324849295132,CCCCCCCCCC(=O)[O-],0.1707970529135739,CCCCCCCCCCN,0.26456798392494785,CCCCCCCCCC[N+](C)(C)C.[Br-],0.0877427997320713,CCCCCCCCCCOS(=O)(=O)[O-].[Na+],0.2511721366376087,CCCCCCCCCCO,0.08037508372403478,CCCCCCCCCC(=O)OCC(CO)O,0.026791694574678247,4
CCCCCCCCCC(=O)O,0.2466576106384147,CCCCCCCCCC(=O)[O-],0.3145778222634854,CCCCCCCCCCN,0.027311074569238945,CCCCCCCCCC[N+](C)(C)C.[Br-],0.19661113891467838,CCCCCCCCCCOS(=O)(=O)[O-].[Na+],0.1429899192106752,CCCCCCCCCCO,0.061128190462563625,CCCCCCCCCC(=O)OCC(CO)O,0.010724243940800625,116
CCCCCCCCCC(=O)O,0.13702084734362188,CCCCCCCCCC(=O)[O-],0.16644250168120944,CCCCCCCCCCN,0.058843308675175024,CCCCCCCCCC[N+](C)(C)C.[Br-],0.40349697377262894,CCCCCCCCCCOS(=O)(=O)[O-].[Na+],0.14290517821113943,CCCCCCCCCCO,0.04085406859447865,CCCCCCCCCC(=O)OCC(CO)O,0.0504371217215786,4
CCCCCCCCCC(=O)O,0.16182572614105195,CCCCCCCCCC(=O)[O-],0.06887966804978109,CCCCCCCCCCN,0.17012448132777255,CCCCCCCCCC[N+](C)(C)C.[Br-],0.1244813278008092,CCCCCCCCCCOS(=O)(=O)[O-].[Na+],0.3900414937758689,CCCCCCCCCCO,0.08464730290455026,CCCCCCCCCC(=O)OCC(CO)O,0.0,36
CCCCCCCCCC(=O)O,0.25360905189226424,CCCCCCCCCC(=O)[O-],0.034529847834562116,CCCCCCCCCCN,0.07705813499803411,CCCCCCCCCC[N+](C)(C)C.[Br-],0.03179867342956852,CCCCCCCCCCOS(=O)(=O)[O-].[Na+],0.47795552087388266,CCCCCCCCCCO,0.0333593445181363,CCCCCCCCCC(=O)OCC(CO)O,0.09168942645335705,19
CCCCCCCCCC(=O)O,0.004624906481669765,CCCCCCCCCC(=O)[O-],0.31286132081883794,CCCCCCCCCCN,0.2210433244915703,CCCCCCCCCC[N+](C)(C)C.[Br-],0.16323199347069806,CCCCCCCCCCOS(=O)(=O)[O-].[Na+],0.24824865673668664,CCCCCCCCCCO,0.01530299938787793,CCCCCCCCCC(=O)OCC(CO)O,0.034686798612523335,125
CCCCCCCCCC(=O)O,0.20062695924762378,CCCCCCCCCC(=O)[O-],0.29780564263319154,CCCCCCCCCCN,0.2131661442006002,CCCCCCCCCC[N+](C)(C)C.[Br-],0.08714733542318656,CCCCCCCCCCOS(=O)(=O)[O-].[Na+],0.1316614420062531,CCCCCCCCCCO,0.043260188087768874,CCCCCCCCCC(=O)OCC(CO)O,0.02633228840125062,70
CCCCCCCCCC(=O)O,0.1664215496555203,CCCCCCCCCC(=O)[O-],0.3483241736976006,CCCCCCCCCCN,0.0034058363650431907,CCCCCCCCCC[N+](C)(C)C.[Br-],0.10991562814457619,CCCCCCCCCCOS(=O)(=O)[O-].[Na+],0.2360863843950404,CCCCCCCCCCO,0.05921510952859211,CCCCCCCCCC(=O)OCC(CO)O,0.07663131821347212,313
CCCCCCCCCC(=O)O,0.0029468643521497295,CCCCCCCCCC(=O)[O-],0.020628050465048196,CCCCCCCCCCN,0.11234920342570913,CCCCCCCCCC[N+](C)(C)C.[Br-],0.3453356662675486,CCCCCCCCCCOS(=O)(=O)[O-].[Na+],0.4144027995210583,CCCCCCCCCCO,0.07597384657886067,CCCCCCCCCC(=O)OCC(CO)O,0.0283635693894413,92
CCCCCCCCCC(=O)O,0.3177673390438764,CCCCCCCCCC(=O)[O-],0.03960578428662805,CCCCCCCCCCN,0.09947499309199606,CCCCCCCCCC[N+](C)(C)C.[Br-],0.07921156857325612,CCCCCCCCCCOS(=O)(=O)[O-].[Na+],0.3960578428662806,CCCCCCCCCCO,0.04504006631665376,CCCCCCCCCC(=O)OCC(CO)O,0.022842405821125008,0
CCCCCCCCCC(=O)O,0.094358974358955,CCCCCCCCCC(=O)[O-],0.08615384615382846,CCCCCCCCCCN,0.20410256410252223,CCCCCCCCCC[N+](C)(C)C.[Br-],0.1969230769230365,CCCCCCCCCCOS(=O)(=O)[O-].[Na+],0.19384615384611406,CCCCCCCCCCO,0.06153846153844889,CCCCCCCCCC(=O)OCC(CO)O,0.16307692307688962,0
CCCCCCCCCC(=O)O,0.17779232111688964,CCCCCCCCCC(=O)[O-],0.1570680628271909,CCCCCCCCCCN,0.18869982547988903,CCCCCCCCCC[N+](C)(C)C.[Br-],0.18433682373468932,CCCCCCCCCCOS(=O)(=O)[O-].[Na+],0.20178883071548828,CCCCCCCCCCO,0.04123036649213758,CCCCCCCCCC(=O)OCC(CO)O,0.04908376963349713,0
CCCCCCCCCC(=O)O,0.17705529095047068,CCCCCCCCCC(=O)[O-],0.08283288465519095,CCCCCCCCCCN,0.20501138952159764,CCCCCCCCCC[N+](C)(C)C.[Br-],0.19258645682331904,CCCCCCCCCCOS(=O)(=O)[O-].[Na+],0.17291364671771114,CCCCCCCCCCO,0.051563470697856356,CCCCCCCCCC(=O)OCC(CO)O,0.11803686063364711,0
CCCCCCCCCC(=O)O,0.16763678696154422,CCCCCCCCCC(=O)[O-],0.129220023282857,CCCCCCCCCCN,0.12572759022115815,CCCCCCCCCC[N+](C)(C)C.[Br-],0.18626309662393803,CCCCCCCCCCOS(=O)(=O)[O-].[Na+],0.20372526193243218,CCCCCCCCCCO,0.027939464493590676,CCCCCCCCCC(=O)OCC(CO)O,0.1594877764842469,0
CCCCCCCCCC(=O)O,0.182579369694108,CCCCCCCCCC(=O)[O-],0.010233748110242974,CCCCCCCCCCN,0.20932666589133403,CCCCCCCCCC[N+](C)(C)C.[Br-],0.20351203628324138,CCCCCCCCCCOS(=O)(=O)[O-].[Na+],0.1814164437724895,CCCCCCCCCCO,0.012908477729965574,CCCCCCCCCC(=O)OCC(CO)O,0.20002325851838584,0
CCCCCCCCCC(=O)O,0.14548784209987883,CCCCCCCCCC(=O)[O-],0.20347949944038995,CCCCCCCCCCN,0.11496591718382032,CCCCCCCCCC[N+](C)(C)C.[Br-],0.1872011394851588,CCCCCCCCCCOS(=O)(=O)[O-].[Na+],0.12412249465863787,CCCCCCCCCCO,0.02533319768032853,CCCCCCCCCC(=O)OCC(CO)O,0.19940990945158216,0
CCCCCCCCCC(=O)O,0.15324165029466538,CCCCCCCCCC(=O)[O-],0.07072691552061476,CCCCCCCCCCN,0.17583497053041733,CCCCCCCCCC[N+](C)(C)C.[Br-],0.17092337917481906,CCCCCCCCCCOS(=O)(=O)[O-].[Na+],0.16994106090369943,CCCCCCCCCCO,0.06777996070725584,CCCCCCCCCC(=O)OCC(CO)O,0.1915520628683317,0
CCCCCCCCCC(=O)O,0.1316648531011683,CCCCCCCCCC(=O)[O-],0.16648531011965909,CCCCCCCCCCN,0.0729053318824651,CCCCCCCCCC[N+](C)(C)C.[Br-],0.18824809575621584,CCCCCCCCCCOS(=O)(=O)[O-].[Na+],0.2110990206746004,CCCCCCCCCCO,0.05875952121870319,CCCCCCCCCC(=O)OCC(CO)O,0.17083786724697045,0
CCCCCCCCCC(=O)O,0.12050832602977203,CCCCCCCCCC(=O)[O-],0.199386503067441,CCCCCCCCCCN,0.14680105170899502,CCCCCCCCCC[N+](C)(C)C.[Br-],0.12817703768621205,CCCCCCCCCCOS(=O)(=O)[O-].[Na+],0.199386503067441,CCCCCCCCCCO,0.011831726555650322,CCCCCCCCCC(=O)OCC(CO)O,0.19390885188426954,0
CCCCCCCCCC(=O)O,0.11994385606734209,CCCCCCCCCC(=O)[O-],0.08676789587850278,CCCCCCCCCCN,0.2016077580706389,CCCCCCCCCC[N+](C)(C)C.[Br-],0.25392369529150083,CCCCCCCCCCOS(=O)(=O)[O-].[Na+],0.22202373357146304,CCCCCCCCCCO,0.007273191272168566,CCCCCCCCCC(=O)OCC(CO)O,0.10845986984812847,0
CCCCCCCCCC(=O)O,0.10506869876455256,CCCCCCCCCC(=O)[O-],0.16857175845741404,CCCCCCCCCCN,0.12585151830039815,CCCCCCCCCC[N+](C)(C)C.[Br-],0.21821960512637842,CCCCCCCCCCOS(=O)(=O)[O-].[Na+],0.16279875303079025,CCCCCCCCCCO,0.00588846553515622,CCCCCCCCCC(=O)OCC(CO)O,0.21360120078507944,0
CCCCCCCCCC(=O)O,0.16658642272505217,CCCCCCCCCC(=O)[O-],0.14347616754932238,CCCCCCCCCCN,0.10207029369280654,CCCCCCCCCC[N+](C)(C)C.[Br-],0.1742898411169621,CCCCCCCCCCOS(=O)(=O)[O-].[Na+],0.18969667790078196,CCCCCCCCCCO,0.09966297544533466,CCCCCCCCCC(=O)OCC(CO)O,0.12421762156954756,0
CCCCCCCCCC(=O)O,0.19670773371980604,CCCCCCCCCC(=O)[O-],0.14908375608237934,CCCCCCCCCCN,0.18946060668802375,CCCCCCCCCC[N+](C)(C)C.[Br-],0.20602546847495476,CCCCCCCCCCOS(=O)(=O)[O-].[Na+],0.10456569003000217,CCCCCCCCCCO,0.010249508230663538,CCCCCCCCCC(=O)OCC(CO)O,0.14390723677396336,0
CCCCCCCCCC(=O)O,0.18041002277901041,CCCCCCCCCC(=O)[O-],0.12482915717537588,CCCCCCCCCCN,0.1576309794988323,CCCCCCCCCC[N+](C)(C)C.[Br-],0.17220956719814628,CCCCCCCCCCOS(=O)(=O)[O-].[Na+],0.14305239179951837,CCCCCCCCCCO,0.0833712984054518,CCCCCCCCCC(=O)OCC(CO)O,0.13849658314348276,0
CCCCCCCCCC(=O)O,0.17519042437428184,CCCCCCCCCC(=O)[O-],0.1719260065287983,CCCCCCCCCCN,0.21545157780191176,CCCCCCCCCC[N+](C)(C)C.[Br-],0.1490750816104137,CCCCCCCCCCOS(=O)(=O)[O-].[Na+],0.18933623503804367,CCCCCCCCCCO,0.01958650707290105,CCCCCCCCCC(=O)OCC(CO)O,0.0794341675734321,0
CCCCCCCCCC(=O)O,0.11387824606212986,CCCCCCCCCC(=O)[O-],0.10642826734778492,CCCCCCCCCCN,0.20327799063426918,CCCCCCCCCC[N+](C)(C)C.[Br-],0.1990208599403578,CCCCCCCCCCOS(=O)(=O)[O-].[Na+],0.17241379310341157,CCCCCCCCCCO,0.035759897828855684,CCCCCCCCCC(=O)OCC(CO)O,0.169220945082978,0
CCCCCCCCCC(=O)O,0.23605150214586645,CCCCCCCCCC(=O)[O-],0.07629947544108816,CCCCCCCCCCN,0.05722460658081611,CCCCCCCCCC[N+](C)(C)C.[Br-],0.21101573676675944,CCCCCCCCCCOS(=O)(=O)[O-].[Na+],0.1931330472102544,CCCCCCCCCCO,0.016452074391984584,CCCCCCCCCC(=O)OCC(CO)O,0.20982355746299242,0
CCCCCCCCCC(=O)O,0.204626334519521,CCCCCCCCCC(=O)[O-],0.06609049313673966,CCCCCCCCCCN,0.18174885612603414,CCCCCCCCCC[N+](C)(C)C.[Br-],0.21098118962882284,CCCCCCCCCCOS(=O)(=O)[O-].[Na+],0.2529232333502153,CCCCCCCCCCO,0.017539400101673173,CCCCCCCCCC(=O)OCC(CO)O,0.06609049313673966,0
CCCCCCCCCC(=O)O,0.16900104178720476,CCCCCCCCCC(=O)[O-],0.057877069105207075,CCCCCCCCCCN,0.18752170390087103,CCCCCCCCCC[N+](C)(C)C.[Br-],0.13427480032408048,CCCCCCCCCCOS(=O)(=O)[O-].[Na+],0.21993286259978698,CCCCCCCCCCO,0.014932283829143385,CCCCCCCCCC(=O)OCC(CO)O,0.21646023845347462,0
CCCCCCCCCC(=O)O,0.18879197036678488,CCCCCCCCCC(=O)[O-],0.010514995817896854,CCCCCCCCCCN,0.22822320468389815,CCCCCCCCCC[N+](C)(C)C.[Br-],0.2258334329071034,CCCCCCCCCCOS(=O)(=O)[O-].[Na+],0.21029991635793754,CCCCCCCCCCO,0.02043254869159507,CCCCCCCCCC(=O)OCC(CO)O,0.11590393117454513,0
CCCCCCCCCC(=O)O,0.1888782358580654,CCCCCCCCCC(=O)[O-],0.16970278044100295,CCCCCCCCCCN,0.08724832214763426,CCCCCCCCCC[N+](C)(C)C.[Br-],0.16970278044100295,CCCCCCCCCCOS(=O)(=O)[O-].[Na+],0.15340364333649983,CCCCCCCCCCO,0.07478427612654368,CCCCCCCCCC(=O)OCC(CO)O,0.15627996164905916,0
CCCCCCCCCC(=O)O,0.1402988479525173,CCCCCCCCCC(=O)[O-],0.19390897684494268,CCCCCCCCCCN,0.09011064218088509,CCCCCCCCCC[N+](C)(C)C.[Br-],0.14714269419410353,CCCCCCCCCCOS(=O)(=O)[O-].[Na+],0.2247062849320806,CCCCCCCCCCO,0.023611269533472406,CCCCCCCCCC(=O)OCC(CO)O,0.18022128436177026,0
CCCCCCCCCC(=O)O,0.16351911561488633,CCCCCCCCCC(=O)[O-],0.16697374481801774,CCCCCCCCCCN,0.11745739290646766,CCCCCCCCCC[N+](C)(C)C.[Br-],0.21533855366185742,CCCCCCCCCCOS(=O)(=O)[O-].[Na+],0.14970059880236075,CCCCCCCCCCO,0.0062183325656364995,CCCCCCCCCC(=O)OCC(CO)O,0.18079226163054338,0
CCCCCCCCCC(=O)O,0.12879788639363082,CCCCCCCCCC(=O)[O-],0.1673271686481358,CCCCCCCCCCN,0.10678115367677085,CCCCCCCCCC[N+](C)(C)C.[Br-],0.17613386173487977,CCCCCCCCCCOS(=O)(=O)[O-].[Na+],0.19264641127252471,CCCCCCCCCCO,0.035667107001313154,CCCCCCCCCC(=O)OCC(CO)O,0.19264641127252471,0
CCCCCCCCCC(=O)O,0.19396551724133013,CCCCCCCCCC(=O)[O-],0.11663286004053838,CCCCCCCCCCN,0.09761663286001579,CCCCCCCCCC[N+](C)(C)C.[Br-],0.22439148073016627,CCCCCCCCCCOS(=O)(=O)[O-].[Na+],0.2218559837727632,CCCCCCCCCCO,0.01369168356997622,CCCCCCCCCC(=O)OCC(CO)O,0.1318458417849564,0
CCCCCCCCCC(=O)O,0.18970736629663174,CCCCCCCCCC(=O)[O-],0.1251261352169273,CCCCCCCCCCN,0.10494450050451967,CCCCCCCCCC[N+](C)(C)C.[Br-],0.13723511604437194,CCCCCCCCCCOS(=O)(=O)[O-].[Na+],0.18970736629663174,CCCCCCCCCCO,0.06357214934408402,CCCCCCCCCC(=O)OCC(CO)O,0.18970736629663174,0
CCCCCCCCCC(=O)O,0.1254883390552562,CCCCCCCCCC(=O)[O-],0.19888717888002871,CCCCCCCCCCN,0.1325914525866858,CCCCCCCCCC[N+](C)(C)C.[Br-],0.16218775896764243,CCCCCCCCCCOS(=O)(=O)[O-].[Na+],0.22374807624003226,CCCCCCCCCCO,0.010299514620572891,CCCCCCCCCC(=O)OCC(CO)O,0.146797679649545,0
CCCCCCCCCC(=O)O,0.15744970356688553,CCCCCCCCCC(=O)[O-],0.1914666148313361,CCCCCCCCCCN,0.15064632131399538,CCCCCCCCCC[N+](C)(C)C.[Br-],0.10496646904459034,CCCCCCCCCCOS(=O)(=O)[O-].[Na+],0.17494411507431726,CCCCCCCCCCO,0.04169501409271226,CCCCCCCCCC(=O)OCC(CO)O,0.17883176207596876,0
CCCCCCCCCC(=O)O,0.1859162103654181,CCCCCCCCCC(=O)[O-],0.03489112441104419,CCCCCCCCCCN,0.10823888959630501,CCCCCCCCCC[N+](C)(C)C.[Br-],0.23430536100847213,CCCCCCCCCCOS(=O)(=O)[O-].[Na+],0.2088373869858121,CCCCCCCCCCO,0.008786451037817652,CCCCCCCCCC(=O)OCC(CO)O,0.2190245765948761,0
CCCCCCCCCC(=O)O,0.18230109863571597,CCCCCCCCCC(=O)[O-],0.0193166727031222,CCCCCCCCCCN,0.18833755885544168,CCCCCCCCCC[N+](C)(C)C.[Br-],0.19195943498727708,CCCCCCCCCCOS(=O)(=O)[O-].[Na+],0.2100688156464542,CCCCCCCCCCO,0.01484969214052516,CCCCCCCCCC(=O)OCC(CO)O,0.19316672703122223,0
CCCCCCCCCC(=O)O,0.13666815542650532,CCCCCCCCCC(=O)[O-],0.13130861991958354,CCCCCCCCCCN,0.09825815096023258,CCCCCCCCCC[N+](C)(C)C.[Br-],0.17597141581059833,CCCCCCCCCCOS(=O)(=O)[O-].[Na+],0.17329164805713743,CCCCCCCCCCO,0.11924966502900951,CCCCCCCCCC(=O)OCC(CO)O,0.1652523447967548,0
CCCCCCCCCC(=O)O,0.11147393311561501,CCCCCCCCCC(=O)[O-],0.0788199527080106,CCCCCCCCCCN,0.21393987163602887,CCCCCCCCCC[N+](C)(C)C.[Br-],0.16777389933562264,CCCCCCCCCCOS(=O)(=O)[O-].[Na+],0.21168787298722855,CCCCCCCCCCO,0.026010584393643486,CCCCCCCCCC(=O)OCC(CO)O,0.1902938858236257,0
CCCCCCCCCC(=O)O,0.1453280114624613,CCCCCCCCCC(=O)[O-],0.18933578958137565,CCCCCCCCCCN,0.1453280114624613,CCCCCCCCCC[N+](C)(C)C.[Br-],0.18933578958137565,CCCCCCCCCCOS(=O)(=O)[O-].[Na+],0.17910142257697695,CCCCCCCCCCO,0.06048510899599622,CCCCCCCCCC(=O)OCC(CO)O,0.09108586633914827,0
CCCCCCCCCC(=O)O,0.08962739174217729,CCCCCCCCCC(=O)[O-],0.10775427995969633,CCCCCCCCCCN,0.18026183282977237,CCCCCCCCCC[N+](C)(C)C.[Br-],0.19436052366562045,CCCCCCCCCCOS(=O)(=O)[O-].[Na+],0.17824773413893694,CCCCCCCCCCO,0.060422960725063334,CCCCCCCCCC(=O)OCC(CO)O,0.18932527693853185,0
CCCCCCCCCC(=O)O,0.1578059071729692,CCCCCCCCCC(=O)[O-],0.15611814345988928,CCCCCCCCCCN,0.16540084388182863,CCCCCCCCCC[N+](C)(C)C.[Br-],0.15189873417718955,CCCCCCCCCCOS(=O)(=O)[O-].[Na+],0.13755274261601053,CCCCCCCCCCO,0.09620253164555338,CCCCCCCCCC(=O)OCC(CO)O,0.13502109704639073,0
CCCCCCCCCC(=O)O,0.19208922854483285,CCCCCCCCCC(=O)[O-],0.20551481978721362,CCCCCCCCCCN,0.16110709490856948,CCCCCCCCCC[N+](C)(C)C.[Br-],0.12496127233292888,CCCCCCCCCCOS(=O)(=O)[O-].[Na+],0.19518744190845913,CCCCCCCCCCO,0.04058659506350496,CCCCCCCCCC(=O)OCC(CO)O,0.08055354745428474,0
CCCCCCCCCC(=O)O,0.1859318996415354,CCCCCCCCCC(=O)[O-],0.1915322580644732,CCCCCCCCCCN,0.1579301075268463,CCCCCCCCCC[N+](C)(C)C.[Br-],0.107526881720406,CCCCCCCCCCOS(=O)(=O)[O-].[Na+],0.2004928315411737,CCCCCCCCCCO,0.0020161290322575904,CCCCCCCCCC(=O)OCC(CO)O,0.15456989247308364,0
CCCCCCCCCC(=O)O,0.20317035052462537,CCCCCCCCCC(=O)[O-],0.1640991292698897,CCCCCCCCCCN,0.1183299843714851,CCCCCCCCCC[N+](C)(C)C.[Br-],0.21433355659740697,CCCCCCCCCCOS(=O)(=O)[O-].[Na+],0.14177271712432649,CCCCCCCCCCO,0.01540522438043858,CCCCCCCCCC(=O)OCC(CO)O,0.14288903773160463,0
CCCCCCCCCC(=O)O,0.17399977834419286,CCCCCCCCCC(=O)[O-],0.15405075917097324,CCCCCCCCCCN,0.05873877867670202,CCCCCCCCCC[N+](C)(C)C.[Br-],0.19394879751741237,CCCCCCCCCCOS(=O)(=O)[O-].[Na+],0.2017067494181089,CCCCCCCCCCO,0.05020503158593585,CCCCCCCCCC(=O)OCC(CO)O,0.167350105286453,0
CCCCCCCCCC(=O)O,0.14892645043396088,CCCCCCCCCC(=O)[O-],0.14984010963907723,CCCCCCCCCCN,0.17268158976698533,CCCCCCCCCC[N+](C)(C)C.[Br-],0.1708542713567527,CCCCCCCCCCOS(=O)(=O)[O-].[Na+],0.12060301507535484,CCCCCCCCCCO,0.05619004111465392,CCCCCCCCCC(=O)OCC(CO)O,0.18090452261303225,1
CCCCCCCCCC(=O)O,0.1577981651375857,CCCCCCCCCC(=O)[O-],0.1449541284403404,CCCCCCCCCCN,0.18073394495409525,CCCCCCCCCC[N+](C)(C)C.[Br-],0.1385321100917177,CCCCCCCCCCOS(=O)(=O)[O-].[Na+],0.14770642201832154,CCCCCCCCCCO,0.06330275229356636,CCCCCCCCCC(=O)OCC(CO)O,0.16697247706418955,0
CCCCCCCCCC(=O)O,0.19762005949847056,CCCCCCCCCC(=O)[O-],0.09243518912025234,CCCCCCCCCCN,0.18912027199315998,CCCCCCCCCC[N+](C)(C)C.[Br-],0.1009349766255629,CCCCCCCCCCOS(=O)(=O)[O-].[Na+],0.20611984700378108,CCCCCCCCCCO,0.026774330641728242,CCCCCCCCCC(=O)OCC(CO)O,0.1869953251168323,0
CCCCCCCCCC(=O)O,0.20750293083230778,CCCCCCCCCC(=O)[O-],0.19577960140675363,CCCCCCCCCCN,0.06447831184054759,CCCCCCCCCC[N+](C)(C)C.[Br-],0.22743259085574974,CCCCCCCCCCOS(=O)(=O)[O-].[Na+],0.17936694021097788,CCCCCCCCCCO,0.021101992965997376,CCCCCCCCCC(=O)OCC(CO)O,0.10433763188743156,0
CCCCCCCCCC(=O)O,0.11999010390892628,CCCCCCCCCC(=O)[O-],0.21400296882726028,CCCCCCCCCCN,0.047996041563570464,CCCCCCCCCC[N+](C)(C)C.[Br-],0.22884710539331302,CCCCCCCCCCOS(=O)(=O)[O-].[Na+],0.24121721919835695,CCCCCCCCCCO,0.023008411677381716,CCCCCCCCCC(=O)OCC(CO)O,0.12493814943094386,0
CCCCCCCCCC(=O)O,0.2017423200366342,CCCCCCCCCC(=O)[O-],0.22581384685918715,CCCCCCCCCCN,0.09513984410818543,CCCCCCCCCC[N+](C)(C)C.[Br-],0.15130674002747566,CCCCCCCCCCOS(=O)(=O)[O-].[Na+],0.18798716185231826,CCCCCCCCCCO,0.006189821182942163,CCCCCCCCCC(=O)OCC(CO)O,0.131820265933028,0
CCCCCCCCCC(=O)O,0.1547555077914767,CCCCCCCCCC(=O)[O-],0.10746910263296992,CCCCCCCCCCN,0.17087587318642214,CCCCCCCCCC[N+](C)(C)C.[Br-],0.21386351423961014,CCCCCCCCCCOS(=O)(=O)[O-].[Na+],0.15153143471248756,CCCCCCCCCCO,0.0338527673293855,CCCCCCCCCC(=O)OCC(CO)O,0.16765180010743308,0
CCCCCCCCCC(=O)O,0.17023213472914514,CCCCCCCCCC(=O)[O-],0.12380518889392374,CCCCCCCCCCN,0.1092398725534621,CCCCCCCCCC[N+](C)(C)C.[Br-],0.1693218024578663,CCCCCCCCCCOS(=O)(=O)[O-].[Na+],0.1693218024578663,CCCCCCCCCCO,0.10787437414654383,CCCCCCCCCC(=O)OCC(CO)O,0.15020482476101038,0
CCCCCCCCCC(=O)O,0.20171518299306637,CCCCCCCCCC(=O)[O-],0.22224906389655222,CCCCCCCCCCN,0.15340016910251156,CCCCCCCCCC[N+](C)(C)C.[Br-],0.18963642952042767,CCCCCCCCCCOS(=O)(=O)[O-].[Na+],0.20654668438212187,CCCCCCCCCCO,0.00036236260417913703,CCCCCCCCCC(=O)OCC(CO)O,0.02609010750089958,0
CCCCCCCCCC(=O)O,0.31205959331584304,CCCCCCCCCC(=O)[O-],0.3053486343198033,CCCCCCCCCCN,0.24830548285346646,CCCCCCCCCC[N+](C)(C)C.[Br-],0.08657137104891126,CCCCCCCCCCOS(=O)(=O)[O-].[Na+],0.006576739816118827,CCCCCCCCCCO,0.006241191866316846,CCCCCCCCCC(=O)OCC(CO)O,0.03489698677940608,46
CCCCCCCCCC(=O)O,0.30380104564076527,CCCCCCCCCC(=O)[O-],0.15190052282038266,CCCCCCCCCCN,0.3073336159389138,CCCCCCCCCC[N+](C)(C)C.[Br-],0.0861947152748218,CCCCCCCCCCOS(=O)(=O)[O-].[Na+],0.08124911685741398,CCCCCCCCCCO,0.04451038575667026,CCCCCCCCCC(=O)OCC(CO)O,0.025010597710890904,34
CCCCCCCCCC(=O)O,0.3485700705061637,CCCCCCCCCC(=O)[O-],0.0022181731759482824,CCCCCCCCCCN,0.209934247009394,CCCCCCCCCC[N+](C)(C)C.[Br-],0.02297393646517895,CCCCCCCCCCOS(=O)(=O)[O-].[Na+],0.2693495999365809,CCCCCCCCCCO,0.07723995880534305,CCCCCCCCCC(=O)OCC(CO)O,0.06971401410123271,27
CCCCCCCCCC(=O)O,0.3262435386831072,CCCCCCCCCC(=O)[O-],0.06355393610709878,CCCCCCCCCCN,0.09660198288279018,CCCCCCCCCC[N+](C)(C)C.[Br-],0.36013897127355987,CCCCCCCCCCOS(=O)(=O)[O-].[Na+],0.09914414032707412,CCCCCCCCCCO,0.04448775527496915,CCCCCCCCCC(=O)OCC(CO)O,0.009829675451231248,4
CCCCCCCCCC(=O)O,0.15441630636193063,CCCCCCCCCC(=O)[O-],0.23334019628025066,CCCCCCCCCCN,0.3259899800974091,CCCCCCCCCC[N+](C)(C)C.[Br-],0.08441424747785539,CCCCCCCCCCOS(=O)(=O)[O-].[Na+],0.13039599203896363,CCCCCCCCCCO,0.06279596458718513,CCCCCCCCCC(=O)OCC(CO)O,0.008647313156268101,32
CCCCCCCCCC(=O)O,0.30511388053282257,CCCCCCCCCC(=O)[O-],0.10915341641596746,CCCCCCCCCCN,0.1418134937687766,CCCCCCCCCC[N+](C)(C)C.[Br-],0.210571551353638,CCCCCCCCCCOS(=O)(=O)[O-].[Na+],0.13321873657066893,CCCCCCCCCCO,0.0657498925655237,CCCCCCCCCC(=O)OCC(CO)O,0.034379028792430676,80
CCCCCCCCCC(=O)O,0.21966756974442125,CCCCCCCCCC(=O)[O-],0.016255400161087154,CCCCCCCCCCN,0.3331624807790388,CCCCCCCCCC[N+](C)(C)C.[Br-],0.15742842498350185,CCCCCCCCCCOS(=O)(=O)[O-].[Na+],0.1501061726586878,CCCCCCCCCCO,0.05821190598227162,CCCCCCCCCC(=O)OCC(CO)O,0.06516804569084494,66
CCCCCCCCCC(=O)O,0.32826261008801794,CCCCCCCCCC(=O)[O-],0.14731785428340316,CCCCCCCCCCN,0.2081665332265479,CCCCCCCCCC[N+](C)(C)C.[Br-],0.24019215372293995,CCCCCCCCCCOS(=O)(=O)[O-].[Na+],0.043234587670129165,CCCCCCCCCCO,0.004803843074458797,CCCCCCCCCC(=O)OCC(CO)O,0.028022417934342972,12
CCCCCCCCCC(=O)O,0.30563002680958595,CCCCCCCCCC(=O)[O-],0.03967828418229712,CCCCCCCCCCN,0.14048257372651143,CCCCCCCCCC[N+](C)(C)C.[Br-],0.12117962466485337,CCCCCCCCCCOS(=O)(=O)[O-].[Na+],0.33780160857901614,CCCCCCCCCCO,0.05372654155494824,CCCCCCCCCC(=O)OCC(CO)O,0.0015013404825733616,65
CCCCCCCCCC(=O)O,0.1818347953216042,CCCCCCCCCC(=O)[O-],0.17817982456137096,CCCCCCCCCCN,0.00036549707602330674,CCCCCCCCCC[N+](C)(C)C.[Br-],0.35635964912274193,CCCCCCCCCCOS(=O)(=O)[O-].[Na+],0.14894005847950492,CCCCCCCCCCO,0.09046052631577292,CCCCCCCCCC(=O)OCC(CO)O,0.043859649122799,194
CCCCCCCCCC(=O)O,0.20322509388111262,CCCCCCCCCC(=O)[O-],0.12701568367569535,CCCCCCCCCCN,0.1016125469405563,CCCCCCCCCC[N+](C)(C)C.[Br-],0.30925557764517125,CCCCCCCCCCOS(=O)(=O)[O-].[Na+],0.21758338855749554,CCCCCCCCCCO,0.017229953611659524,CCCCCCCCCC(=O)OCC(CO)O,0.024077755688088318,58
CCCCCCCCCC(=O)O,0.3591438011779401,CCCCCCCCCC(=O)[O-],0.07757506105443505,CCCCCCCCCCN,0.3088636690130284,CCCCCCCCCC[N+](C)(C)C.[Br-],0.0610544462002498,CCCCCCCCCCOS(=O)(=O)[O-].[Na+],0.11564430397929673,CCCCCCCCCCO,0.039649475650044556,CCCCCCCCCC(=O)OCC(CO)O,0.038069242924861635,10
CCCCCCCCCC(=O)O,0.17275747508303352,CCCCCCCCCC(=O)[O-],0.21262458471757972,CCCCCCCCCCN,0.23920265780727723,CCCCCCCCCC[N+](C)(C)C.[Br-],0.2624584717607625,CCCCCCCCCCOS(=O)(=O)[O-].[Na+],0.0272425249169399,CCCCCCCCCCO,0.03986710963454618,CCCCCCCCCC(=O)OCC(CO)O,0.04584717607972812,52
CCCCCCCCCC(=O)O,0.29841153245793806,CCCCCCCCCC(=O)[O-],0.22036543935355427,CCCCCCCCCCN,0.033789367367544974,CCCCCCCCCC[N+](C)(C)C.[Br-],0.10100082637037905,CCCCCCCCCCOS(=O)(=O)[O-].[Na+],0.23872922596635046,CCCCCCCCCCO,0.041593976677983334,CCCCCCCCCC(=O)OCC(CO)O,0.06610963180606626,569
CCCCCCCCCC(=O)O,0.16846290676987166,CCCCCCCCCC(=O)[O-],0.2092706916395921,CCCCCCCCCCN,0.008580098357223235,CCCCCCCCCC[N+](C)(C)C.[Br-],0.2092706916395921,CCCCCCCCCCOS(=O)(=O)[O-].[Na+],0.29297896829542885,CCCCCCCCCCO,0.03609919430782962,CCCCCCCCCC(=O)OCC(CO)O,0.07533744899025313,1068
CCCCCCCCCC(=O)O,0.19597818677569936,CCCCCCCCCC(=O)[O-],0.2556237218813471,CCCCCCCCCCN,0.020109066121332612,CCCCCCCCCC[N+](C)(C)C.[Br-],0.054533060668020696,CCCCCCCCCCOS(=O)(=O)[O-].[Na+],0.3323108384457511,CCCCCCCCCCO,0.0690184049079637,CCCCCCCCCC(=O)OCC(CO)O,0.07242672119971497,168
CCCCCCCCCC(=O)O,0.10824684745003724,CCCCCCCCCC(=O)[O-],0.021649369490007425,CCCCCCCCCCN,0.15734851021087887,CCCCCCCCCC[N+](C)(C)C.[Br-],0.2622475170181314,CCCCCCCCCCOS(=O)(=O)[O-].[Na+],0.3236245954691835,CCCCCCCCCCO,0.05657850686306067,CCCCCCCCCC(=O)OCC(CO)O,0.07030465349847777,100
CCCCCCCCCC(=O)O,0.007844800169615617,CCCCCCCCCC(=O)[O-],0.02438248701367021,CCCCCCCCCCN,0.3233329799638878,CCCCCCCCCC[N+](C)(C)C.[Br-],0.34983568323961634,CCCCCCCCCCOS(=O)(=O)[O-].[Na+],0.2703275734124308,CCCCCCCCCCO,0.01939997879783323,CCCCCCCCCC(=O)OCC(CO)O,0.0048764974027340246,10
CCCCCCCCCC(=O)O,0.015271792545548427,CCCCCCCCCC(=O)[O-],0.2683904135480052,CCCCCCCCCCN,0.17010660013605955,CCCCCCCCCC[N+](C)(C)C.[Br-],0.1927874801542008,CCCCCCCCCCOS(=O)(=O)[O-].[Na+],0.20034777349358124,CCCCCCCCCCO,0.0963937400771004,CCCCCCCCCC(=O)OCC(CO)O,0.05670220004535317,131
CCCCCCCCCC(=O)O,0.15230460921841246,CCCCCCCCCC(=O)[O-],0.06973947895790467,CCCCCCCCCCN,0.34468937875745975,CCCCCCCCCC[N+](C)(C)C.[Br-],0.08817635270539671,CCCCCCCCCCOS(=O)(=O)[O-].[Na+],0.24048096192380924,CCCCCCCCCCO,0.056513026052095156,CCCCCCCCCC(=O)OCC(CO)O,0.048096192384761816,2
CCCCCCCCCC(=O)O,0.016793762316850848,CCCCCCCCCC(=O)[O-],0.2313426441607007,CCCCCCCCCCN,0.24847913632075255,CCCCCCCCCC[N+](C)(C)C.[Br-],0.2099220289606358,CCCCCCCCCCOS(=O)(=O)[O-].[Na+],0.22705852112068767,CCCCCCCCCCO,0.05269471339215956,CCCCCCCCCC(=O)OCC(CO)O,0.013709193728041504,100
CCCCCCCCCC(=O)O,0.3126097646645154,CCCCCCCCCC(=O)[O-],0.04285212504389983,CCCCCCCCCCN,0.21426062521949923,CCCCCCCCCC[N+](C)(C)C.[Br-],0.20723568668771242,CCCCCCCCCCOS(=O)(=O)[O-].[Na+],0.10818405338951766,CCCCCCCCCCO,0.09799789251842671,CCCCCCCCCC(=O)OCC(CO)O,0.01685985247628845,1
CCCCCCCCCC(=O)O,0.22993899577658755,CCCCCCCCCC(=O)[O-],0.16424213984041966,CCCCCCCCCCN,0.06945096198966315,CCCCCCCCCC[N+](C)(C)C.[Br-],0.2158610980759801,CCCCCCCCCCOS(=O)(=O)[O-].[Na+],0.19239793524163445,CCCCCCCCCCO,0.07179727827309774,CCCCCCCCCC(=O)OCC(CO)O,0.056311590802429576,426
CCCCCCCCCC(=O)O,0.12742518908251765,CCCCCCCCCC(=O)[O-],0.18086155869776702,CCCCCCCCCCN,0.33706017757311135,CCCCCCCCCC[N+](C)(C)C.[Br-],0.031075304176252677,CCCCCCCCCCOS(=O)(=O)[O-].[Na+],0.29184478789866963,CCCCCCCCCCO,0.028609010194010385,CCCCCCCCCC(=O)OCC(CO)O,0.0031239723775068682,20
CCCCCCCCCC(=O)O,0.14358174014824138,CCCCCCCCCC(=O)[O-],0.09051892313693476,CCCCCCCCCCN,0.3511509949277642,CCCCCCCCCC[N+](C)(C)C.[Br-],0.1061256340226132,CCCCCCCCCCOS(=O)(=O)[O-].[Na+],0.2145922746780781,CCCCCCCCCCO,0.062036675770571675,CCCCCCCCCC(=O)OCC(CO)O,0.03199375731564073,6
CCCCCCCCCC(=O)O,0.039130882504368414,CCCCCCCCCC(=O)[O-],0.05972608382245703,CCCCCCCCCCN,0.2368448151580193,CCCCCCCCCC[N+](C)(C)C.[Br-],0.3707136237255956,CCCCCCCCCCOS(=O)(=O)[O-].[Na+],0.23169601482849717,CCCCCCCCCCO,0.04479456286684277,CCCCCCCCCC(=O)OCC(CO)O,0.017094017094013546,0
CCCCCCCCCC(=O)O,0.21908471275555616,CCCCCCCCCC(=O)[O-],0.15871470301846954,CCCCCCCCCCN,0.10321324245372869,CCCCCCCCCC[N+](C)(C)C.[Br-],0.010321324245372849,CCCCCCCCCCOS(=O)(=O)[O-].[Na+],0.4673807205451865,CCCCCCCCCCO,0.008179162609540725,CCCCCCCCCC(=O)OCC(CO)O,0.03310613437195069,171
CCCCCCCCCC(=O)O,0.02908415841583557,CCCCCCCCCC(=O)[O-],0.2372112211220633,CCCCCCCCCCN,0.07941419141912552,CCCCCCCCCC[N+](C)(C)C.[Br-],0.4641089108909935,CCCCCCCCCCOS(=O)(=O)[O-].[Na+],0.15057755775574458,CCCCCCCCCCO,0.012376237623759806,CCCCCCCCCC(=O)OCC(CO)O,0.027227722772271618,2
CCCCCCCCCC(=O)O,0.14346484277251756,CCCCCCCCCC(=O)[O-],0.37117357577773447,CCCCCCCCCCN,0.07173242138625875,CCCCCCCCCC[N+](C)(C)C.[Br-],0.26274084577525025,CCCCCCCCCCOS(=O)(=O)[O-].[Na+],0.07757110684793099,CCCCCCCCCCO,0.028275919592955476,CCCCCCCCCC(=O)OCC(CO)O,0.04504128784718573,197
CCCCCCCCCC(=O)O,0.18508725542037985,CCCCCCCCCC(=O)[O-],0.3172924378635084,CCCCCCCCCCN,0.17539220870788377,CCCCCCCCCC[N+](C)(C)C.[Br-],0.16305305834652511,CCCCCCCCCCOS(=O)(=O)[O-].[Na+],0.12427287149654075,CCCCCCCCCCO,0.023796932839763123,CCCCCCCCCC(=O)OCC(CO)O,0.011105235325222774,270
CCCCCCCCCC(=O)O,0.21907113837326234,CCCCCCCCCC(=O)[O-],0.386361825858299,CCCCCCCCCCN,0.09718792320559275,CCCCCCCCCC[N+](C)(C)C.[Br-],0.22703736158683552,CCCCCCCCCCOS(=O)(=O)[O-].[Na+],0.035848004461079275,CCCCCCCCCCO,0.029873337050899392,CCCCCCCCCC(=O)OCC(CO)O,0.00462040946387241,162
CCCCCCCCCC(=O)O,0.3091901848562188,CCCCCCCCCC(=O)[O-],0.2795868692848787,CCCCCCCCCCN,0.23024800999931194,CCCCCCCCCC[N+](C)(C)C.[Br-],0.015393724097096825,CCCCCCCCCCOS(=O)(=O)[O-].[Na+],0.06644299717122999,CCCCCCCCCCO,0.03927373199131118,CCCCCCCCCC(=O)OCC(CO)O,0.05986448259982107,70
CCCCCCCCCC(=O)O,0.301145662847751,CCCCCCCCCC(=O)[O-],0.21931260229129704,CCCCCCCCCCN,0.28805237315871846,CCCCCCCCCC[N+](C)(C)C.[Br-],0.10016366612109981,CCCCCCCCCCOS(=O)(=O)[O-].[Na+],0.032733224222581625,CCCCCCCCCCO,0.042225859247130314,CCCCCCCCCC(=O)OCC(CO)O,0.016366612111290806,192
CCCCCCCCCC(=O)O,0.28725472865471324,CCCCCCCCCC(=O)[O-],0.018030758352480445,CCCCCCCCCCN,0.1246243592009679,CCCCCCCCCC[N+](C)(C)C.[Br-],0.2563196040303595,CCCCCCCCCCOS(=O)(=O)[O-].[Na+],0.19444935478165207,CCCCCCCCCCO,0.10606328442635567,CCCCCCCCCC(=O)OCC(CO)O,0.013257910553294441,154
CCCCCCCCCC(=O)O,0.3686352814683406,CCCCCCCCCC(=O)[O-],0.3340757238306837,CCCCCCCCCCN,0.0652791644266853,CCCCCCCCCC[N+](C)(C)C.[Br-],0.05222333154134825,CCCCCCCCCCOS(=O)(=O)[O-].[Na+],0.10291068274324511,CCCCCCCCCCO,0.02695645495737238,CCCCCCCCCC(=O)OCC(CO)O,0.049919361032171115,53
CCCCCCCCCC(=O)O,0.21333754740831018,CCCCCCCCCC(=O)[O-],0.39506953223761143,CCCCCCCCCCN,0.18173198482930125,CCCCCCCCCC[N+](C)(C)C.[Br-],0.022439949431096316,CCCCCCCCCCOS(=O)(=O)[O-].[Na+],0.15723767383056936,CCCCCCCCCCO,0.014222503160553996,CCCCCCCCCC(=O)OCC(CO)O,0.01596080910239947,48
CCCCCCCCCC(=O)O,0.028844114528095665,CCCCCCCCCC(=O)[O-],0.08907741251323664,CCCCCCCCCCN,0.26511134676558534,CCCCCCCCCC[N+](C)(C)C.[Br-],0.15270413573697716,CCCCCCCCCCOS(=O)(=O)[O-].[Na+],0.40827147401900143,CCCCCCCCCCO,0.0553552492046542,CCCCCCCCCC(=O)OCC(CO)O,0.0006362672322373836,271
CCCCCCCCCC(=O)O,0.16261364476307746,CCCCCCCCCC(=O)[O-],0.11678616305711928,CCCCCCCCCCN,0.3437061127946865,CCCCCCCCCC[N+](C)(C)C.[Br-],0.2808781136816792,CCCCCCCCCCOS(=O)(=O)[O-].[Na+],0.06652376376671348,CCCCCCCCCCO,0.012639515115675567,CCCCCCCCCC(=O)OCC(CO)O,0.01685268682090074,0
CCCCCCCCCC(=O)O,0.13620357451330325,CCCCCCCCCC(=O)[O-],0.21261045777686363,CCCCCCCCCCN,0.27572918742937,CCCCCCCCCC[N+](C)(C)C.[Br-],0.026310544149886875,CCCCCCCCCCOS(=O)(=O)[O-].[Na+],0.20596638097133663,CCCCCCCCCCO,0.09467809447875958,CCCCCCCCCC(=O)OCC(CO)O,0.048501760680347,46
CCCCCCCCCC(=O)O,0.19591947034181922,CCCCCCCCCC(=O)[O-],0.08579921632210705,CCCCCCCCCCN,0.3107688150249546,CCCCCCCCCC[N+](C)(C)C.[Br-],0.30739089312250945,CCCCCCCCCCOS(=O)(=O)[O-].[Na+],0.031752465882984485,CCCCCCCCCCO,0.014997973246856493,CCCCCCCCCC(=O)OCC(CO)O,0.0533711660586335,0
CCCCCCCCCC(=O)O,0.030566993981623273,CCCCCCCCCC(=O)[O-],0.38406715235977446,CCCCCCCCCCN,0.11086474501106892,CCCCCCCCCC[N+](C)(C)C.[Br-],0.10532150776051549,CCCCCCCCCCOS(=O)(=O)[O-].[Na+],0.25736458663283857,CCCCCCCCCCO,0.038961038961032764,CCCCCCCCCC(=O)OCC(CO)O,0.07285397529298816,201
CCCCCCCCCC(=O)O,0.07439712673163816,CCCCCCCCCC(=O)[O-],0.01077475628527171,CCCCCCCCCCN,0.07439712673163816,CCCCCCCCCC[N+](C)(C)C.[Br-],0.12827090815799685,CCCCCCCCCCOS(=O)(=O)[O-].[Na+],0.6092868137504851,CCCCCCCCCCO,0.028476141611075277,CCCCCCCCCC(=O)OCC(CO)O,0.07439712673163816,148
CCCCCCCCCC(=O)O,0.19933836627361112,CCCCCCCCCC(=O)[O-],0.009670031385187926,CCCCCCCCCCN,0.2078208499448286,CCCCCCCCCC[N+](C)(C)C.[Br-],0.2671982356433511,CCCCCCCCCCOS(=O)(=O)[O-].[Na+],0.17389091525995862,CCCCCCCCCCO,0.08524896089573579,CCCCCCCCCC(=O)OCC(CO)O,0.05683264059715722,172
CCCCCCCCCC(=O)O,0.19150707743543857,CCCCCCCCCC(=O)[O-],0.12239800166525856,CCCCCCCCCCN,0.1998334721065446,CCCCCCCCCC[N+](C)(C)C.[Br-],0.04412989175686192,CCCCCCCCCCOS(=O)(=O)[O-].[Na+],0.3080766028309229,CCCCCCCCCCO,0.11740216486259494,CCCCCCCCCC(=O)OCC(CO)O,0.016652789342212034,83
CCCCCCCCCC(=O)O,0.3235708952127564,CCCCCCCCCC(=O)[O-],0.14851074421303437,CCCCCCCCCCN,0.1427030614784464,CCCCCCCCCC[N+](C)(C)C.[Br-],0.2447523438147773,CCCCCCCCCCOS(=O)(=O)[O-].[Na+],0.07798888243589512,CCCCCCCCCCO,0.046046627395661476,CCCCCCCCCC(=O)OCC(CO)O,0.016427445449263,68
CCCCCCCCCC(=O)O,0.0012097993749367259,CCCCCCCCCC(=O)[O-],0.277245690089671,CCCCCCCCCCN,0.1209799374936746,CCCCCCCCCC[N+](C)(C)C.[Br-],0.19356789998987936,CCCCCCCCCCOS(=O)(=O)[O-].[Na+],0.3427764895654113,CCCCCCCCCCO,0.05655812077829286,CCCCCCCCCC(=O)OCC(CO)O,0.007662062707932684,490
CCCCCCCCCC(=O)O,0.1290900941281705,CCCCCCCCCC(=O)[O-],0.29583146571039065,CCCCCCCCCCN,0.13626176602417997,CCCCCCCCCC[N+](C)(C)C.[Br-],0.09592111160912668,CCCCCCCCCCOS(=O)(=O)[O-].[Na+],0.25100851636033145,CCCCCCCCCCO,0.04168534289555503,CCCCCCCCCC(=O)OCC(CO)O,0.0502017032720663,405
CCCCCCCCCC(=O)O,0.09858287122610926,CCCCCCCCCC(=O)[O-],0.16173752310533554,CCCCCCCCCCN,0.3350277264324807,CCCCCCCCCC[N+](C)(C)C.[Br-],0.15403573629079576,CCCCCCCCCCOS(=O)(=O)[O-].[Na+],0.16173752310533554,CCCCCCCCCCO,0.02264325323474696,CCCCCCCCCC(=O)OCC(CO)O,0.06623536660504215,144
CCCCCCCCCC(=O)O,0.14794889038327236,CCCCCCCCCC(=O)[O-],0.16980497646261944,CCCCCCCCCCN,0.16476126429046242,CCCCCCCCCC[N+](C)(C)C.[Br-],0.09414929388026426,CCCCCCCCCCOS(=O)(=O)[O-].[Na+],0.02656355077336027,CCCCCCCCCCO,0.1109616677874543,CCCCCCCCCC(=O)OCC(CO)O,0.2858103564222308,0
CCCCCCCCCC(=O)O,0.13223424351704197,CCCCCCCCCC(=O)[O-],0.15284217757164592,CCCCCCCCCCN,0.18203675081566822,CCCCCCCCCC[N+](C)(C)C.[Br-],0.07899708054264844,CCCCCCCCCCOS(=O)(=O)[O-].[Na+],0.03400309119009648,CCCCCCCCCCO,0.1416795466254021,CCCCCCCCCC(=O)OCC(CO)O,0.27820710973715335,0
CCCCCCCCCC(=O)O,0.12106944677984828,CCCCCCCCCC(=O)[O-],0.1664704893222914,CCCCCCCCCCN,0.17992265007560793,CCCCCCCCCC[N+](C)(C)C.[Br-],0.07230536404907605,CCCCCCCCCCOS(=O)(=O)[O-].[Na+],0.03060366571379496,CCCCCCCCCCO,0.13872540776857617,CCCCCCCCCC(=O)OCC(CO)O,0.29090297629046885,0
CCCCCCCCCC(=O)O,0.11943354376382201,CCCCCCCCCC(=O)[O-],0.1672069612693509,CCCCCCCCCCN,0.1876812830574347,CCCCCCCCCC[N+](C)(C)C.[Br-],0.08701586759935608,CCCCCCCCCCOS(=O)(=O)[O-].[Na+],0.018085650912807307,CCCCCCCCCCO,0.1305238013990341,CCCCCCCCCC(=O)OCC(CO)O,0.2900528919978536,0
CCCCCCCCCC(=O)O,0.12209598100725039,CCCCCCCCCC(=O)[O-],0.16788197388496928,CCCCCCCCCCN,0.1712735289129485,CCCCCCCCCC[N+](C)(C)C.[Br-],0.08478887569947942,CCCCCCCCCCOS(=O)(=O)[O-].[Na+],0.03764626081056885,CCCCCCCCCCO,0.15516364253004744,CCCCCCCCCC(=O)OCC(CO)O,0.26114973715439677,0
CCCCCCCCCC(=O)O,0.10409670920077094,CCCCCCCCCC(=O)[O-],0.15950302216247164,CCCCCCCCCCN,0.18132975151102038,CCCCCCCCCC[N+](C)(C)C.[Br-],0.10241773002011334,CCCCCCCCCCOS(=O)(=O)[O-].[Na+],0.024513096037600872,CCCCCCCCCCO,0.1259234385493197,CCCCCCCCCC(=O)OCC(CO)O,0.30221625251836737,0
CCCCCCCCCC(=O)O,0.11686143572617128,CCCCCCCCCC(=O)[O-],0.1368948247078007,CCCCCCCCCCN,0.20868113522530596,CCCCCCCCCC[N+](C)(C)C.[Br-],0.09849749582634437,CCCCCCCCCCOS(=O)(=O)[O-].[Na+],0.03171953255424648,CCCCCCCCCCO,0.12020033388977619,CCCCCCCCCC(=O)OCC(CO)O,0.287145242070021,1
CCCCCCCCCC(=O)O,0.11760695415029226,CCCCCCCCCC(=O)[O-],0.17385375830912772,CCCCCCCCCCN,0.16874041247650626,CCCCCCCCCC[N+](C)(C)C.[Br-],0.07329129026757342,CCCCCCCCCCOS(=O)(=O)[O-].[Na+],0.04124765638314595,CCCCCCCCCCO,0.11505028123398157,CCCCCCCCCC(=O)OCC(CO)O,0.3102096471790318,1
CCCCCCCCCC(=O)O,0.11676396997494014,CCCCCCCCCC(=O)[O-],0.1634695579649163,CCCCCCCCCCN,0.21684737281060326,CCCCCCCCCC[N+](C)(C)C.[Br-],0.07839866555460268,CCCCCCCCCCOS(=O)(=O)[O-].[Na+],0.031693077564626596,CCCCCCCCCCO,0.12760633861547038,CCCCCCCCCC(=O)OCC(CO)O,0.265221017514507,0
CCCCCCCCCC(=O)O,0.12920775246510394,CCCCCCCCCC(=O)[O-],0.16660999659973935,CCCCCCCCCCN,0.2023121387282549,CCCCCCCCCC[N+](C)(C)C.[Br-],0.09350561033658837,CCCCCCCCCCOS(=O)(=O)[O-].[Na+],0.02754165249914055,CCCCCCCCCCO,0.13260795647734355,CCCCCCCCCC(=O)OCC(CO)O,0.24821489289348925,0
CCCCCCCCCC(=O)O,0.11956887841019888,CCCCCCCCCC(=O)[O-],0.14314584035023806,CCCCCCCCCCN,0.20545638262034174,CCCCCCCCCC[N+](C)(C)C.[Br-],0.08925564163014843,CCCCCCCCCCOS(=O)(=O)[O-].[Na+],0.04513304142807504,CCCCCCCCCCO,0.1313573593802185,CCCCCCCCCC(=O)OCC(CO)O,0.26608285618044264,0
CCCCCCCCCC(=O)O,0.13972744523024333,CCCCCCCCCC(=O)[O-],0.17250301880276953,CCCCCCCCCCN,0.1897533206830465,CCCCCCCCCC[N+](C)(C)C.[Br-],0.09660169052955095,CCCCCCCCCCOS(=O)(=O)[O-].[Na+],0.015870277729854762,CCCCCCCCCCO,0.12161462825595251,CCCCCCCCCC(=O)OCC(CO)O,0.2639296187682374,0
CCCCCCCCCC(=O)O,0.10819949281484084,CCCCCCCCCC(=O)[O-],0.17920540997458015,CCCCCCCCCCN,0.1673710904479569,CCCCCCCCCC[N+](C)(C)C.[Br-],0.08114961961113062,CCCCCCCCCCOS(=O)(=O)[O-].[Na+],0.04226542688079717,CCCCCCCCCCO,0.15469146238371778,CCCCCCCCCC(=O)OCC(CO)O,0.26711749788663836,0
CCCCCCCCCC(=O)O,0.10758110606821061,CCCCCCCCCC(=O)[O-],0.1832240712724212,CCCCCCCCCCN,0.1748192973608422,CCCCCCCCCC[N+](C)(C)C.[Br-],0.07396201042189479,CCCCCCCCCCOS(=O)(=O)[O-].[Na+],0.04437720625313688,CCCCCCCCCCO,0.1487644982349475,CCCCCCCCCC(=O)OCC(CO)O,0.26727181038821074,0
CCCCCCCCCC(=O)O,0.1406779661016472,CCCCCCCCCC(=O)[O-],0.15593220338977767,CCCCCCCCCCN,0.16610169491519794,CCCCCCCCCC[N+](C)(C)C.[Br-],0.07288135593217866,CCCCCCCCCCOS(=O)(=O)[O-].[Na+],0.03898305084744438,CCCCCCCCCCO,0.1525423728813042,CCCCCCCCCC(=O)OCC(CO)O,0.27288135593211094,0
CCCCCCCCCC(=O)O,0.1289566236810822,CCCCCCCCCC(=O)[O-],0.14235471445314268,CCCCCCCCCCN,0.18422374811583178,CCCCCCCCCC[N+](C)(C)C.[Br-],0.07871378328585536,CCCCCCCCCCOS(=O)(=O)[O-].[Na+],0.024451515659010364,CCCCCCCCCCO,0.13816781108687382,CCCCCCCCCC(=O)OCC(CO)O,0.30313180371786863,0
CCCCCCCCCC(=O)O,0.12380615493451579,CCCCCCCCCC(=O)[O-],0.1591793420586632,CCCCCCCCCCN,0.20516448532005482,CCCCCCCCCC[N+](C)(C)C.[Br-],0.07958967102933158,CCCCCCCCCCOS(=O)(=O)[O-].[Na+],0.023700035373178715,CCCCCCCCCCO,0.12734347364693055,CCCCCCCCCC(=O)OCC(CO)O,0.2812168376369717,0
CCCCCCCCCC(=O)O,0.12753319357088483,CCCCCCCCCC(=O)[O-],0.15024458420679584,CCCCCCCCCCN,0.1904262753318692,CCCCCCCCCC[N+](C)(C)C.[Br-],0.0803633822501466,CCCCCCCCCCOS(=O)(=O)[O-].[Na+],0.04961565338922093,CCCCCCCCCCO,0.10482180293497383,CCCCCCCCCC(=O)OCC(CO)O,0.2969951083157593,0
CCCCCCCCCC(=O)O,0.15097540288374858,CCCCCCCCCC(=O)[O-],0.16963528413904339,CCCCCCCCCCN,0.179813401187386,CCCCCCCCCC[N+](C)(C)C.[Br-],0.07633587786256948,CCCCCCCCCCOS(=O)(=O)[O-].[Na+],0.03528413910092099,CCCCCCCCCCO,0.10127226463100886,CCCCCCCCCC(=O)OCC(CO)O,0.28668363019498333,0
CCCCCCCCCC(=O)O,0.14211670289244535,CCCCCCCCCC(=O)[O-],0.17889984952343127,CCCCCCCCCCN,0.14211670289244535,CCCCCCCCCC[N+](C)(C)C.[Br-],0.07858217689346977,CCCCCCCCCCOS(=O)(=O)[O-].[Na+],0.047818090620281556,CCCCCCCCCCO,0.12790503260320085,CCCCCCCCCC(=O)OCC(CO)O,0.2825614445743915,0
CCCCCCCCCC(=O)O,0.10444743935306451,CCCCCCCCCC(=O)[O-],0.17520215633417277,CCCCCCCCCCN,0.19204851752015092,CCCCCCCCCC[N+](C)(C)C.[Br-],0.08086253369269514,CCCCCCCCCCOS(=O)(=O)[O-].[Na+],0.046495956873299674,CCCCCCCCCCO,0.14656334231800994,CCCCCCCCCC(=O)OCC(CO)O,0.2543800539082701,0
CCCCCCCCCC(=O)O,0.13109243697474587,CCCCCCCCCC(=O)[O-],0.15126050420162981,CCCCCCCCCCN,0.18319327731086282,CCCCCCCCCC[N+](C)(C)C.[Br-],0.09747899159660588,CCCCCCCCCCOS(=O)(=O)[O-].[Na+],0.02689075630251194,CCCCCCCCCCO,0.09075630252097787,CCCCCCCCCC(=O)OCC(CO)O,0.31932773109232965,0
CCCCCCCCCC(=O)O,0.15154154328508918,CCCCCCCCCC(=O)[O-],0.17592753875625294,CCCCCCCCCCN,0.1602508273819334,CCCCCCCCCC[N+](C)(C)C.[Br-],0.09231841142654855,CCCCCCCCCCOS(=O)(=O)[O-].[Na+],0.037972478662240704,CCCCCCCCCCO,0.09980839574983452,CCCCCCCCCC(=O)OCC(CO)O,0.28218080473775226,0
CCCCCCCCCC(=O)O,0.0932320441988628,CCCCCCCCCC(=O)[O-],0.16919889502756588,CCCCCCCCCCN,0.20372928176788543,CCCCCCCCCC[N+](C)(C)C.[Br-],0.09841160220991076,CCCCCCCCCCOS(=O)(=O)[O-].[Na+],0.03832872928175469,CCCCCCCCCCO,0.1191298342541025,CCCCCCCCCC(=O)OCC(CO)O,0.2779696132595726,0
CCCCCCCCCC(=O)O,0.004684624393506816,CCCCCCCCCC(=O)[O-],0.002342312196753374,CCCCCCCCCCN,0.0197423456583504,CCCCCCCCCC[N+](C)(C)C.[Br-],0.4517316379453066,CCCCCCCCCCOS(=O)(=O)[O-].[Na+],0.5102894428641426,CCCCCCCCCCO,0.004517316379453032,CCCCCCCCCC(=O)OCC(CO)O,0.006692320562152656,6
CCCCCCCCCC(=O)O,0.0010198878123402618,CCCCCCCCCC(=O)[O-],0.005439401665814876,CCCCCCCCCCN,0.013258541560423812,CCCCCCCCCC[N+](C)(C)C.[Br-],0.3569607343191035,CCCCCCCCCCOS(=O)(=O)[O-].[Na+],0.594934557198506,CCCCCCCCCCO,0.019887812340635733,CCCCCCCCCC(=O)OCC(CO)O,0.008499065102835799,0
CCCCCCCCCC(=O)O,0.037596508895589874,CCCCCCCCCC(=O)[O-],0.00302114803625273,CCCCCCCCCCN,0.023497818059743682,CCCCCCCCCC[N+](C)(C)C.[Br-],0.35246727089615576,CCCCCCCCCCOS(=O)(=O)[O-].[Na+],0.5706612957366329,CCCCCCCCCCO,0.004028197381670318,CCCCCCCCCC(=O)OCC(CO)O,0.008727760993619061,17
CCCCCCCCCC(=O)O,0.00840053763440578,CCCCCCCCCC(=O)[O-],0.028561827956979615,CCCCCCCCCCN,0.004704301075267169,CCCCCCCCCC[N+](C)(C)C.[Br-],0.31249999999989503,CCCCCCCCCCOS(=O)(=O)[O-].[Na+],0.6216397849460277,CCCCCCCCCCO,0.008064516129029515,CCCCCCCCCC(=O)OCC(CO)O,0.01612903225805906,1
CCCCCCCCCC(=O)O,0.03552874141108241,CCCCCCCCCC(=O)[O-],0.01742919389977626,CCCCCCCCCCN,0.0003351768057648952,CCCCCCCCCC[N+](C)(C)C.[Br-],0.3519356460531751,CCCCCCCCCCOS(=O)(=O)[O-].[Na+],0.5614211496562557,CCCCCCCCCCO,0.027652086475606585,CCCCCCCCCC(=O)OCC(CO)O,0.0056980056980037875,0
CCCCCCCCCC(=O)O,0.015716435378693928,CCCCCCCCCC(=O)[O-],0.0023407456946990335,CCCCCCCCCCN,0.02039792676809213,CCCCCCCCCC[N+](C)(C)C.[Br-],0.4179903026248394,CCCCCCCCCCOS(=O)(=O)[O-].[Na+],0.509948169202304,CCCCCCCCCCO,0.015549239257643992,CCCCCCCCCC(=O)OCC(CO)O,0.01805718107339303,14
CCCCCCCCCC(=O)O,0.014698513445794287,CCCCCCCCCC(=O)[O-],0.006013028227824949,CCCCCCCCCCN,0.04042091197593435,CCCCCCCCCC[N+](C)(C)C.[Br-],0.2639051277767617,CCCCCCCCCCOS(=O)(=O)[O-].[Na+],0.6430599632535016,CCCCCCCCCCO,0.007516285284781153,CCCCCCCCCC(=O)OCC(CO)O,0.024386170035067815,9
CCCCCCCCCC(=O)O,0.006398383566254757,CCCCCCCCCC(=O)[O-],0.009765953864283562,CCCCCCCCCCN,0.023572992086201828,CCCCCCCCCC[N+](C)(C)C.[Br-],0.3115002525676675,CCCCCCCCCCOS(=O)(=O)[O-].[Na+],0.6145815793902628,CCCCCCCCCCO,0.000505135544704292,CCCCCCCCCC(=O)OCC(CO)O,0.03367570298028834,10
CCCCCCCCCC(=O)O,0.023259733692896224,CCCCCCCCCC(=O)[O-],0.004045171077025403,CCCCCCCCCCN,0.008090342154050838,CCCCCCCCCC[N+](C)(C)C.[Br-],0.42979942693395257,CCCCCCCCCCOS(=O)(=O)[O-].[Na+],0.49721894488437657,CCCCCCCCCCO,0.034889600539344354,CCCCCCCCCC(=O)OCC(CO)O,0.0026967807180169234,36
CCCCCCCCCC(=O)O,0.041070526847318246,CCCCCCCCCC(=O)[O-],0.025584918363903156,CCCCCCCCCCN,0.03501094091902538,CCCCCCCCCC[N+](C)(C)C.[Br-],0.3534758458170836,CCCCCCCCCCOS(=O)(=O)[O-].[Na+],0.5386298602926988,CCCCCCCCCCO,0.005554620434268422,CCCCCCCCCC(=O)OCC(CO)O,0.0006732873253658397,0
CCCCCCCCCC(=O)O,0.005690376569035754,CCCCCCCCCC(=O)[O-],0.023765690376561052,CCCCCCCCCCN,0.021757322175724906,CCCCCCCCCC[N+](C)(C)C.[Br-],0.28284518828442423,CCCCCCCCCCOS(=O)(=O)[O-].[Na+],0.6276150627612963,CCCCCCCCCCO,0.025606694560660857,CCCCCCCCCC(=O)OCC(CO)O,0.012719665271962204,39
CCCCCCCCCC(=O)O,0.005350275873597911,CCCCCCCCCC(=O)[O-],0.0013375689683994528,CCCCCCCCCCN,0.08527002173546723,CCCCCCCCCC[N+](C)(C)C.[Br-],0.2156829961544171,CCCCCCCCCCOS(=O)(=O)[O-].[Na+],0.6687844841997431,CCCCCCCCCCO,0.021568299615441645,CCCCCCCCCC(=O)OCC(CO)O,0.0020063534525991958,4
CCCCCCCCCC(=O)O,0.025413402959085986,CCCCCCCCCC(=O)[O-],0.009399477806785206,CCCCCCCCCCN,0.018102697998253023,CCCCCCCCCC[N+](C)(C)C.[Br-],0.32550043516089633,CCCCCCCCCCOS(=O)(=O)[O-].[Na+],0.6092254134027473,CCCCCCCCCCO,0.0026109660574403096,CCCCCCCCCC(=O)OCC(CO)O,0.009747606614443884,2
CCCCCCCCCC(=O)O,0.006859886811865219,CCCCCCCCCC(=O)[O-],0.0017149717029662792,CCCCCCCCCCN,0.03189847367517339,CCCCCCCCCC[N+](C)(C)C.[Br-],0.3327045103754648,CCCCCCCCCCOS(=O)(=O)[O-].[Na+],0.5830903790085464,CCCCCCCCCCO,0.026239067055384563,CCCCCCCCCC(=O)OCC(CO)O,0.01749271137025636,2
CCCCCCCCCC(=O)O,0.0006913238852399617,CCCCCCCCCC(=O)[O-],0.002419633598339918,CCCCCCCCCCN,0.0687867265813796,CCCCCCCCCC[N+](C)(C)C.[Br-],0.3180089872103984,CCCCCCCCCCOS(=O)(=O)[O-].[Na+],0.5876253024539967,CCCCCCCCCCO,0.014517801590039854,CCCCCCCCCC(=O)OCC(CO)O,0.007950224680259924,18
CCCCCCCCCC(=O)O,0.02273901808784746,CCCCCCCCCC(=O)[O-],0.001033591731265759,CCCCCCCCCCN,0.018260120585695653,CCCCCCCCCC[N+](C)(C)C.[Br-],0.23772609819113255,CCCCCCCCCCOS(=O)(=O)[O-].[Na+],0.7062876830316259,CCCCCCCCCCO,0.004651162790696037,CCCCCCCCCC(=O)OCC(CO)O,0.009302325581392108,2
CCCCCCCCCC(=O)O,0.016279464134300023,CCCCCCCCCC(=O)[O-],0.0037307105307770624,CCCCCCCCCCN,0.06206545701201894,CCCCCCCCCC[N+](C)(C)C.[Br-],0.3900288282176055,CCCCCCCCCCOS(=O)(=O)[O-].[Na+],0.5087332541968769,CCCCCCCCCCO,0.017805663896890655,CCCCCCCCCC(=O)OCC(CO)O,0.0013566220111916375,30
CCCCCCCCCC(=O)O,0.03257219610475734,CCCCCCCCCC(=O)[O-],0.01678979180657593,CCCCCCCCCCN,0.03593015446607253,CCCCCCCCCC[N+](C)(C)C.[Br-],0.25856279382126984,CCCCCCCCCCOS(=O)(=O)[O-].[Na+],0.6380120886498866,CCCCCCCCCCO,0.007051712558761838,CCCCCCCCCC(=O)OCC(CO)O,0.011081262592340102,3
CCCCCCCCCC(=O)O,0.004696410600468001,CCCCCCCCCC(=O)[O-],0.0164374371016382,CCCCCCCCCCN,0.02717208990270807,CCCCCCCCCC[N+](C)(C)C.[Br-],0.4696410600468066,CCCCCCCCCCOS(=O)(=O)[O-].[Na+],0.45286816504513505,CCCCCCCCCCO,0.0060382422006018,CCCCCCCCCC(=O)OCC(CO)O,0.023146595102306867,5
CCCCCCCCCC(=O)O,0.040739472783279405,CCCCCCCCCC(=O)[O-],0.0390277302293601,CCCCCCCCCCN,0.003423485107838574,CCCCCCCCCC[N+](C)(C)C.[Br-],0.30640191715155546,CCCCCCCCCCOS(=O)(=O)[O-].[Na+],0.6076686066413532,CCCCCCCCCCO,0.0,CCCCCCCCCC(=O)OCC(CO)O,0.0027387880862708523,0
CCCCCCCCCC(=O)O,0.006778512116588078,CCCCCCCCCC(=O)[O-],0.0023724792408057714,CCCCCCCCCCN,0.022708015590570143,CCCCCCCCCC[N+](C)(C)C.[Br-],0.5083884087441085,CCCCCCCCCCOS(=O)(=O)[O-].[Na+],0.4321301474324921,CCCCCCCCCCO,0.011692933401114426,CCCCCCCCCC(=O)OCC(CO)O,0.015929503473982032,59
CCCCCCCCCC(=O)O,0.04886155891638726,CCCCCCCCCC(=O)[O-],0.02659132458034679,CCCCCCCCCCN,0.014625228519190719,CCCCCCCCCC[N+](C)(C)C.[Br-],0.2426458367956648,CCCCCCCCCCOS(=O)(=O)[O-].[Na+],0.6564733255773122,CCCCCCCCCCO,0.004487286022933493,CCCCCCCCCC(=O)OCC(CO)O,0.006315439587832337,2
CCCCCCCCCC(=O)O,0.004864489228629236,CCCCCCCCCC(=O)[O-],0.010076441973589206,CCCCCCCCCCN,0.03370396108407444,CCCCCCCCCC[N+](C)(C)C.[Br-],0.3474635163306647,CCCCCCCCCCOS(=O)(=O)[O-].[Na+],0.5733148019455967,CCCCCCCCCCO,0.017720639332863865,CCCCCCCCCC(=O)OCC(CO)O,0.012856150104234559,15
CCCCCCCCCC(=O)O,0.028831302557052026,CCCCCCCCCC(=O)[O-],0.005148446885187834,CCCCCCCCCCN,0.011669812939759133,CCCCCCCCCC[N+](C)(C)C.[Br-],0.2059378754075147,CCCCCCCCCCOS(=O)(=O)[O-].[Na+],0.7465247983522408,CCCCCCCCCCO,0.0005148446885187525,CCCCCCCCCC(=O)OCC(CO)O,0.0013729191693833973,8
